-- phpMyAdmin SQL Dump
-- version 4.1.12
-- http://www.phpmyadmin.net
--
-- Host: 127.0.0.1
-- Generation Time: May 01, 2019 at 02:56 PM
-- Server version: 5.6.16
-- PHP Version: 5.5.11

SET SQL_MODE = "NO_AUTO_VALUE_ON_ZERO";
SET time_zone = "+00:00";


/*!40101 SET @OLD_CHARACTER_SET_CLIENT=@@CHARACTER_SET_CLIENT */;
/*!40101 SET @OLD_CHARACTER_SET_RESULTS=@@CHARACTER_SET_RESULTS */;
/*!40101 SET @OLD_COLLATION_CONNECTION=@@COLLATION_CONNECTION */;
/*!40101 SET NAMES utf8 */;

--
-- Database: `jvybdzdx_public`
--

-- --------------------------------------------------------

--
-- Table structure for table `comodity`
--

CREATE TABLE IF NOT EXISTS `comodity` (
  `id` int(5) NOT NULL AUTO_INCREMENT,
  `month` varchar(20) NOT NULL,
  `sugar` int(11) NOT NULL,
  PRIMARY KEY (`id`)
) ENGINE=InnoDB  DEFAULT CHARSET=latin1 AUTO_INCREMENT=13 ;

--
-- Dumping data for table `comodity`
--

INSERT INTO `comodity` (`id`, `month`, `sugar`) VALUES
(1, 'Jan', 10),
(2, 'Feb', 15),
(3, 'Mar', 20),
(4, 'Apr', 25),
(5, 'May', 30),
(6, 'Jun', 35),
(7, 'Jul', 40),
(8, 'Aug', 45),
(9, 'Sep', 50),
(10, 'Oct', 55),
(11, 'Nov', 60),
(12, 'Dec', 65);

-- --------------------------------------------------------

--
-- Table structure for table `komen`
--

CREATE TABLE IF NOT EXISTS `komen` (
  `id_kom` int(11) NOT NULL AUTO_INCREMENT,
  `user` varchar(120) NOT NULL,
  `chanel` varchar(40) DEFAULT NULL,
  `komentar` varchar(120) DEFAULT NULL,
  `waktu` datetime DEFAULT NULL,
  `st` varchar(2) DEFAULT NULL,
  PRIMARY KEY (`id_kom`)
) ENGINE=InnoDB  DEFAULT CHARSET=latin1 AUTO_INCREMENT=722 ;

--
-- Dumping data for table `komen`
--

INSERT INTO `komen` (`id_kom`, `user`, `chanel`, `komentar`, `waktu`, `st`) VALUES
(1, 'Guest', '1', 'suka suka', '2017-04-04 15:28:32', 'Y'),
(2, 'Guest', '1', 'Coba', '2017-05-28 12:07:00', 'Y'),
(3, 'Guest', '1', 'Aii', '2017-05-28 12:10:00', 'Y'),
(4, 'Guest', '1', 'Testy 1', '2017-05-28 12:15:00', 'Y'),
(5, 'Guest', '1', 'Testy 1', '2017-05-28 12:16:00', 'Y'),
(6, 'Guest', '1', 'Te', '2017-05-28 12:16:00', 'Y'),
(7, 'Guest', '1', 'Testy 1', '2017-05-28 12:23:00', 'Y'),
(8, 'Guest', '1', 'Apend1', '2017-05-28 12:23:00', 'Y'),
(9, 'Guest', '1', 'Apend2', '2017-05-28 12:24:00', 'Y'),
(10, 'Guest', '1', 'Didin1', '2017-05-28 12:28:00', 'Y'),
(11, 'Guest', '1', 'Didin2', '2017-05-28 12:28:00', 'Y'),
(12, 'Guest', '1', 'ea', '2017-05-29 05:07:00', 'Y'),
(13, 'Guest', '1', 'ea', '2017-05-29 05:08:00', 'Y'),
(14, 'Guest', '1', 'west', '2017-05-29 05:08:00', 'Y'),
(15, 'Guest', '1', 'westo', '2017-05-29 05:08:00', 'Y'),
(16, 'Guest', '1', 'westo', '2017-05-29 05:08:00', 'Y'),
(17, 'Guest', '1', 'ea', '2017-05-29 05:24:00', 'Y'),
(18, 'Guest', '1', 'ea', '2017-05-29 05:24:00', 'Y'),
(19, 'Guest', '1', 'ea', '2017-05-29 05:24:00', 'Y'),
(20, 'Guest', '1', 'ea', '2017-05-29 05:24:00', 'Y'),
(21, 'Guest', '1', 'ea', '2017-05-29 05:24:00', 'Y'),
(22, 'Guest', '1', 'ea', '2017-05-29 05:24:00', 'Y'),
(23, 'Guest', '1', 'ea', '2017-05-29 05:24:00', 'Y'),
(24, 'Guest', '1', 'ea', '2017-05-29 05:31:00', 'Y'),
(25, 'Guest', '1', 'coba', '2017-05-29 05:31:00', 'Y'),
(26, 'Guest', '1', 'coba', '2017-05-29 05:31:00', 'Y'),
(27, 'Guest', '1', 'coba', '2017-05-29 05:31:00', 'Y'),
(28, 'Guest', '1', 'coba', '2017-05-29 05:31:00', 'Y'),
(29, 'Guest', '1', 'satu', '2017-05-29 05:35:00', 'Y'),
(30, 'Guest', '1', 'satu', '2017-05-29 05:35:00', 'Y'),
(31, 'Guest', '1', 'satu', '2017-05-29 05:35:00', 'Y'),
(32, 'Guest', '1', 'satu', '2017-05-29 05:35:00', 'Y'),
(33, 'Guest', '1', 'satu', '2017-05-29 05:35:00', 'Y'),
(34, 'Guest', '1', 'satu', '2017-05-29 05:36:00', 'Y'),
(35, 'Guest', '1', 'Fungsi 2', '2017-05-28 14:01:00', 'Y'),
(36, 'Guest', '1', 'Fungsi 3', '2017-05-28 14:02:00', 'Y'),
(37, 'Guest', '1', 'Testy mony', '2017-05-28 14:10:00', 'Y'),
(41, 'Guest', '2', 'Testy mony rcti1', '2017-05-28 14:20:00', 'Y'),
(42, 'Guest', '2', 'Rcti2', '2017-05-28 14:31:00', 'Y'),
(43, 'Guest', '3', 'Global1', '2017-05-28 14:31:00', 'Y'),
(44, 'Guest', '3', 'Global1', '2017-05-28 14:32:00', 'Y'),
(45, 'Guest', '4', 'Tvri1', '2017-05-28 14:32:00', 'Y'),
(46, 'Guest', '5', 'Inews1', '2017-05-28 14:32:00', 'Y'),
(47, 'Guest', '4', 'Tvri2', '2017-05-28 14:34:00', 'Y'),
(48, 'Guest', '4', 'Tvri2', '2017-05-28 14:34:00', 'Y'),
(49, 'Guest', '2', 'Rcti3', '2017-05-28 14:38:00', 'Y'),
(50, 'Guest', '3', 'Gelobal3', '2017-05-28 14:38:00', 'Y'),
(51, 'Guest', '1', 'Testy', '2017-05-28 14:41:00', 'Y'),
(52, 'Guest', '1', 'Testy nettv 1', '2017-05-28 14:41:00', 'Y'),
(53, 'Guest', '1', 'Eaa', '2017-05-28 14:43:00', 'Y'),
(54, 'Guest', '1', 'Eqa', '2017-05-28 14:44:00', 'Y'),
(55, 'Guest', '1', 'Koo', '2017-05-28 14:44:00', 'Y'),
(56, 'Guest', '1', 'Ea', '2017-05-28 14:44:00', 'Y'),
(57, 'Guest', '1', 'Susu', '2017-05-28 14:45:00', 'Y'),
(58, 'Guest', '1', 'Se', '2017-05-28 14:45:00', 'Y'),
(59, 'Guest', '5', 'Testy', '2017-05-29 14:32:00', 'Y'),
(60, 'Guest', '5', 'Testy 3', '2017-05-29 14:39:00', 'Y'),
(61, 'Guest', '4', 'Coba', '2017-05-29 15:19:00', 'Y'),
(62, 'Guest', '4', 'Cek komen', '2017-05-29 15:19:00', 'Y'),
(63, 'Guest', '4', 'Lagi', '2017-05-29 15:20:00', 'Y'),
(64, 'Guest', '5', 'Testy 4', '2017-05-29 15:57:00', 'Y'),
(65, 'Guest', '5', 'Nice tv', '2017-05-29 15:58:00', 'Y'),
(66, 'Guest', '5', 'Mbah piye', '2017-05-29 15:59:00', 'Y'),
(67, 'Guest', '5', 'Coba', '2017-05-29 16:02:00', 'Y'),
(68, 'Guest', '1', 'Rudy coba', '2017-05-29 16:54:00', 'Y'),
(69, 'Guest', '5', 'Jajal mnc', '2017-05-29 16:56:00', 'Y'),
(70, 'Guest', '5', 'Testy', '2017-05-29 16:58:00', 'Y'),
(71, 'Guest', '5', 'Jajal Rudy mnc', '2017-05-29 17:00:00', 'Y'),
(72, 'Guest', '5', 'Komeng mnv rudy', '2017-05-29 17:05:00', 'Y'),
(73, 'Guest', '5', 'Upin joooshh', '2017-05-29 17:06:00', 'Y'),
(74, 'Guest', '5', 'Ipin jos', '2017-05-29 17:06:00', 'Y'),
(75, 'Guest', '5', 'Ah rsek', '2017-05-29 17:08:00', 'Y'),
(76, 'Guest', '5', 'Ah uh', '2017-05-29 17:09:00', 'Y'),
(77, 'Guest', '5', 'Nika puasa', '2017-05-29 17:30:00', 'Y'),
(78, 'Guest', '3', 'Adzan broo', '2017-05-29 17:48:00', 'Y'),
(79, 'Guest', '1', 'H', '2017-05-29 17:56:00', 'Y'),
(80, 'Guest', '3', 'Mampus lo pain..', '2017-05-29 17:57:00', 'Y'),
(81, 'Guest', '3', 'Waw air terjun', '2017-05-29 17:58:00', 'Y'),
(82, 'Guest', '3', 'Edo tense', '2017-05-29 17:58:00', 'Y'),
(83, 'Guest', '3', 'Ff', '2017-05-29 17:59:00', 'Y'),
(84, 'Guest', '3', 'Hanzo tersegel', '2017-05-29 18:05:00', 'Y'),
(85, 'Guest', '3', 'Tes bos', '2017-05-29 18:10:00', 'Y'),
(86, 'Guest', '3', 'Komeng langsung', '2017-05-29 18:10:00', 'Y'),
(87, 'Guest', '3', 'Apik bosss', '2017-05-29 18:12:00', 'Y'),
(88, 'Guest', '1', 'Test trans', '2017-05-29 18:14:00', 'Y'),
(89, 'Guest', '3', 'Way hidup lagiiii', '2017-05-29 18:14:00', 'Y'),
(90, 'Guest', '1', 'Test trabs2', '2017-05-29 18:14:00', 'Y'),
(91, 'Guest', '5', 'Test o1', '2017-05-29 18:17:00', 'Y'),
(92, 'Guest', '5', 'Test glo2', '2017-05-29 18:17:00', 'Y'),
(93, 'Guest', '1', '5est glo1', '2017-05-29 18:19:00', 'Y'),
(94, 'Guest', '1', 'Test glo3', '2017-05-29 18:19:00', 'Y'),
(95, 'Guest', '3', 'Naruto woy', '2017-05-29 19:03:00', 'Y'),
(96, 'Guest', '3', 'Test komentar', '2017-05-30 14:49:00', 'Y'),
(97, 'Guest', '5', 'fuck', '2017-05-31 16:14:00', 'Y'),
(98, 'Guest', '1', 'Ama', '2017-06-01 06:48:00', 'Y'),
(99, 'Guest', '4', 'Swq', '2017-06-05 09:54:00', 'Y'),
(100, 'Guest', '1', 'Ntp', '2017-06-05 09:54:00', 'Y'),
(101, 'Guest', '4', '22', '2017-06-06 13:07:00', 'Y'),
(102, 'Guest', '2', 'Cantik', '2017-06-06 13:19:00', 'Y'),
(103, 'Guest', '2', 'Gggg', '2017-06-29 20:06:00', 'Y'),
(104, 'Guest', '2', 'Lucuuuuuuuu', '2017-06-29 20:07:00', 'Y'),
(105, 'Guest', '3', 'testy', '2017-07-05 22:54:00', 'Y'),
(106, 'Guest', '2', 'Halo', '2017-07-05 22:57:00', 'Y'),
(107, 'Guest', '2', 'cfxsdf', '2017-07-06 19:26:00', 'Y'),
(108, 'Guest', '2', 'dsfds', '2017-07-06 19:26:00', 'Y'),
(109, 'Guest', '2', 'fdsf', '2017-07-06 19:26:00', 'Y'),
(110, 'Guest', '2', 'dsfds', '2017-07-06 19:26:00', 'Y'),
(111, 'Guest', '2', 'fdsfds', '2017-07-06 19:26:00', 'Y'),
(112, 'Guest', '2', 'fdsfds', '2017-07-06 19:26:00', 'Y'),
(113, 'Guest', '2', 'fdsfdsf', '2017-07-06 19:26:00', 'Y'),
(114, 'Guest', '2', 'dsfds', '2017-07-06 19:26:00', 'Y'),
(115, 'Guest', '2', '[eprkwekr[ewr', '2017-07-06 19:27:00', 'Y'),
(116, 'Guest', '2', 'jrdfplijewr\\', '2017-07-06 19:27:00', 'Y'),
(117, 'Guest', '2', 'ewfew', '2017-07-06 19:27:00', 'Y'),
(118, 'Guest', '2', 'fewfew', '2017-07-06 19:27:00', 'Y'),
(119, 'Guest', '2', 'ewfewf', '2017-07-06 19:27:00', 'Y'),
(120, 'Guest', '2', 'fwerfewf', '2017-07-06 19:27:00', 'Y'),
(121, 'Guest', '2', 'ewrfewr', '2017-07-06 19:27:00', 'Y'),
(122, 'Guest', '2', 'fwerfewf', '2017-07-06 19:27:00', 'Y'),
(123, 'Guest', '2', 'dhhdvhvjdhhjv', '2017-07-06 19:29:00', 'Y'),
(124, 'Guest', '2', 'ddddd\\', '2017-07-06 19:29:00', 'Y'),
(125, 'Guest', '2', 'ddddd', '2017-07-06 19:29:00', 'Y'),
(126, 'Guest', '2', 'ddd', '2017-07-06 19:29:00', 'Y'),
(127, 'Guest', '2', 'd', '2017-07-06 19:29:00', 'Y'),
(128, 'Guest', '2', 'd', '2017-07-06 19:29:00', 'Y'),
(129, 'Guest', '2', 'd', '2017-07-06 19:29:00', 'Y'),
(130, 'Guest', '2', 'd', '2017-07-06 19:29:00', 'Y'),
(131, 'Guest', '2', 'd', '2017-07-06 19:29:00', 'Y'),
(132, 'Guest', '2', 'd', '2017-07-06 19:29:00', 'Y'),
(133, 'Guest', '2', 'd', '2017-07-06 19:29:00', 'Y'),
(134, 'Guest', '2', 'd', '2017-07-06 19:29:00', 'Y'),
(135, 'Guest', '2', 'd', '2017-07-06 19:29:00', 'Y'),
(136, 'Guest', '2', 'd', '2017-07-06 19:29:00', 'Y'),
(137, 'Guest', '2', '1', '2017-07-06 19:30:00', 'Y'),
(138, 'Guest', '2', '1', '2017-07-06 19:30:00', 'Y'),
(139, 'Guest', '2', '1', '2017-07-06 19:30:00', 'Y'),
(140, 'Guest', '2', '1', '2017-07-06 19:30:00', 'Y'),
(141, 'Guest', '2', '1', '2017-07-06 19:30:00', 'Y'),
(142, 'Guest', '2', '1', '2017-07-06 19:30:00', 'Y'),
(143, 'Guest', '2', '1', '2017-07-06 19:30:00', 'Y'),
(144, 'Guest', '2', '1', '2017-07-06 19:30:00', 'Y'),
(145, 'Guest', '2', 'g', '2017-07-06 19:31:00', 'Y'),
(146, 'Guest', '2', 'g', '2017-07-06 19:31:00', 'Y'),
(147, 'Guest', '2', 'g', '2017-07-06 19:31:00', 'Y'),
(148, 'Guest', '2', 'g', '2017-07-06 19:31:00', 'Y'),
(149, 'Guest', '2', 'g', '2017-07-06 19:31:00', 'Y'),
(150, 'Guest', '2', 'g', '2017-07-06 19:31:00', 'Y'),
(151, 'Guest', '2', 'g', '2017-07-06 19:31:00', 'Y'),
(152, 'Guest', '2', 'g', '2017-07-06 19:31:00', 'Y'),
(153, 'Guest', '2', 'g', '2017-07-06 19:31:00', 'Y'),
(154, 'Guest', '2', 'g', '2017-07-06 19:31:00', 'Y'),
(155, 'Guest', '2', 'g', '2017-07-06 19:31:00', 'Y'),
(156, 'Guest', '2', 'g', '2017-07-06 19:31:00', 'Y'),
(157, 'Guest', '2', 'g', '2017-07-06 19:31:00', 'Y'),
(158, 'Guest', '2', 'a', '2017-07-06 19:35:00', 'Y'),
(159, 'Guest', '2', 'a', '2017-07-06 19:35:00', 'Y'),
(160, 'Guest', '2', 'a', '2017-07-06 19:35:00', 'Y'),
(161, 'Guest', '2', 'a', '2017-07-06 19:35:00', 'Y'),
(162, 'Guest', '2', 'a', '2017-07-06 19:35:00', 'Y'),
(163, 'Guest', '2', 'a', '2017-07-06 19:35:00', 'Y'),
(164, 'Guest', '2', 'a', '2017-07-06 19:35:00', 'Y'),
(165, 'Guest', '2', 'a', '2017-07-06 19:35:00', 'Y'),
(166, 'Guest', '2', 'a', '2017-07-06 19:35:00', 'Y'),
(167, 'Guest', '2', 'a', '2017-07-06 19:35:00', 'Y'),
(168, 'Guest', '2', 'a', '2017-07-06 19:35:00', 'Y'),
(169, 'Guest', '2', 'a', '2017-07-06 19:35:00', 'Y'),
(170, 'Guest', '2', 'a', '2017-07-06 19:35:00', 'Y'),
(171, 'Guest', '2', 'a', '2017-07-06 19:35:00', 'Y'),
(172, 'Guest', '2', 'a', '2017-07-06 19:35:00', 'Y'),
(173, 'Guest', '2', 'a', '2017-07-06 19:35:00', 'Y'),
(174, 'Guest', '2', 'a', '2017-07-06 19:35:00', 'Y'),
(175, 'Guest', '2', 'k', '2017-07-06 19:37:00', 'Y'),
(176, 'Guest', '2', 'h', '2017-07-06 19:37:00', 'Y'),
(177, 'Guest', '2', 'h', '2017-07-06 19:37:00', 'Y'),
(178, 'Guest', '2', 'h', '2017-07-06 19:37:00', 'Y'),
(179, 'Guest', '2', 'h', '2017-07-06 19:37:00', 'Y'),
(180, 'Guest', '2', 'h', '2017-07-06 19:37:00', 'Y'),
(181, 'Guest', '2', 'h', '2017-07-06 19:37:00', 'Y'),
(182, 'Guest', '2', 'h', '2017-07-06 19:37:00', 'Y'),
(183, 'Guest', '2', 'h', '2017-07-06 19:37:00', 'Y'),
(184, 'Guest', '2', 'dswfdsf', '2017-07-06 22:56:00', 'Y'),
(185, 'Guest', '2', 'dsfdsf', '2017-07-06 22:56:00', 'Y'),
(186, 'Guest', '2', 'fdsfsdf', '2017-07-06 22:56:00', 'Y'),
(187, 'Guest', '2', 'fdsfdsf', '2017-07-06 22:56:00', 'Y'),
(188, 'Guest', '2', 'dsfsd', '2017-07-06 22:56:00', 'Y'),
(189, 'Guest', '2', 'dsfds', '2017-07-06 22:56:00', 'Y'),
(190, 'Guest', '2', 'dsfds', '2017-07-06 22:56:00', 'Y'),
(191, 'Guest', '2', 'dsf', '2017-07-06 22:56:00', 'Y'),
(192, 'Guest', '2', 'dsfds', '2017-07-06 22:56:00', 'Y'),
(193, 'Guest', '2', 'sdf', '2017-07-06 22:56:00', 'Y'),
(194, 'Guest', '2', 'fdsf', '2017-07-06 22:56:00', 'Y'),
(195, 'Guest', '2', 'sdf', '2017-07-06 22:56:00', 'Y'),
(196, 'Guest', '2', 'sdfds', '2017-07-06 22:56:00', 'Y'),
(197, 'Guest', '2', 'asdasd', '2017-07-06 23:09:00', 'Y'),
(198, 'Guest', '2', 'dsfdsf', '2017-07-06 23:09:00', 'Y'),
(199, 'Guest', '2', 'dfsf', '2017-07-06 23:10:00', 'Y'),
(200, 'Guest', '2', 'fdsfdsf', '2017-07-06 23:10:00', 'Y'),
(201, 'Guest', '2', 'fdsf', '2017-07-06 23:10:00', 'Y'),
(202, 'Guest', '2', 'dsfds', '2017-07-06 23:10:00', 'Y'),
(203, 'Guest', '2', 'fsdf', '2017-07-06 23:10:00', 'Y'),
(204, 'Guest', '2', 'fsdf', '2017-07-06 23:10:00', 'Y'),
(205, 'Guest', '2', 'sadas', '2017-07-06 23:11:00', 'Y'),
(206, 'Guest', '2', 'dasdas', '2017-07-06 23:11:00', 'Y'),
(207, 'Guest', '2', 'dasd', '2017-07-06 23:11:00', 'Y'),
(208, 'Guest', '2', 'dasd', '2017-07-06 23:11:00', 'Y'),
(209, 'Guest', '2', 'dasd', '2017-07-06 23:11:00', 'Y'),
(210, 'Guest', '2', 'dasd', '2017-07-06 23:11:00', 'Y'),
(211, 'Guest', '2', 'dasd', '2017-07-06 23:11:00', 'Y'),
(212, 'Guest', '2', 'dasd', '2017-07-06 23:11:00', 'Y'),
(213, 'Guest', '2', 'dasd', '2017-07-06 23:11:00', 'Y'),
(214, 'Guest', '2', 'dasd', '2017-07-06 23:11:00', 'Y'),
(215, 'Guest', '2', 'dasd', '2017-07-06 23:11:00', 'Y'),
(216, 'Guest', '2', 'asdasd', '2017-07-06 23:11:00', 'Y'),
(217, 'Guest', '2', 'dasda', '2017-07-06 23:11:00', 'Y'),
(218, 'Guest', '2', 'dasd', '2017-07-06 23:11:00', 'Y'),
(219, 'Guest', '5', '1 siap ndan', '2017-07-07 08:15:00', 'Y'),
(220, 'Guest', '5', 'fghdfh', '2017-07-07 08:15:00', 'Y'),
(221, 'Guest', '5', 'gfhgf', '2017-07-07 08:15:00', 'Y'),
(222, 'Guest', '5', 'ghfh', '2017-07-07 08:15:00', 'Y'),
(223, 'Guest', '5', 'gfh', '2017-07-07 08:15:00', 'Y'),
(224, 'Guest', '2', 'sdfdsf', '2017-07-07 08:28:00', 'Y'),
(225, 'Guest', '2', 'asdasdasd', '2017-07-07 08:28:00', 'Y'),
(226, 'Guest', '2', 'kdsfjkdfj', '2017-07-07 08:29:00', 'Y'),
(227, 'Guest', '2', 'sdfdsf', '2017-07-07 08:31:00', 'Y'),
(228, 'Guest', '2', 'sdfdsf', '2017-07-07 08:31:00', 'Y'),
(229, 'Guest', '2', 'sdfdsf', '2017-07-07 08:31:00', 'Y'),
(230, 'Guest', '2', 'asdasd', '2017-07-07 08:32:00', 'Y'),
(231, 'Guest', '2', 'sdfdsf', '2017-07-07 08:33:00', 'Y'),
(232, 'Guest', '2', 'sdsdsd', '2017-07-07 08:36:00', 'Y'),
(233, 'Guest', '2', 'dssd', '2017-07-07 08:36:00', 'Y'),
(234, 'Guest', '2', 'sdsd', '2017-07-07 08:38:00', 'Y'),
(235, 'Guest', '2', 'sdsdsd', '2017-07-07 08:38:00', 'Y'),
(236, 'Guest', '2', 'xcxc', '2017-07-07 08:41:00', 'Y'),
(237, 'Guest', '3', '1', '2017-07-06 22:02:00', 'Y'),
(238, 'Guest', '2', 'sdfdsf', '2017-07-07 09:05:00', 'Y'),
(239, 'Guest', '2', 'fdscdcdcdcdcdcdcdcdcdcdcdcdcdcdcdcdcdcdcdcdcdc', '2017-07-07 09:05:00', 'Y'),
(240, 'Guest', '2', 'cccccccccccccccccccccccccccccccccccccccccccccccccccccccccccccccccccccccccccccccccccccccccccccccccccccccccccccccccccccccc', '2017-07-07 09:05:00', 'Y'),
(241, 'Guest', '1', 'sdfdsfdsf', '2017-07-07 09:07:00', 'Y'),
(242, 'Guest', '3', 'sdfdsfdsfsdfdfdsfdsfsdf', '2017-07-07 09:08:00', 'Y'),
(243, 'Guest', '2', 'dsdsdsd', '2017-07-07 09:09:00', 'Y'),
(244, 'Guest', '2', 'dsdsdsdsd', '2017-07-07 09:09:00', 'Y'),
(245, 'Guest', '2', 'dsdsd', '2017-07-07 09:09:00', 'Y'),
(246, 'Guest', '2', 'sdasds', '2017-07-07 09:12:00', 'Y'),
(247, 'Guest', '2', 'vdsvdsv', '2017-07-07 09:13:00', 'Y'),
(248, 'Guest', '3', 'dsdsdsdsd', '2017-07-07 09:16:00', 'Y'),
(249, 'Guest', '3', 'sdsdsd', '2017-07-07 09:16:00', 'Y'),
(250, 'Guest', '3', 'dsdsdsdsd', '2017-07-07 09:16:00', 'Y'),
(251, 'Guest', '3', 'dsdsdsd', '2017-07-07 09:16:00', 'Y'),
(252, 'Guest', '3', 'sdsdsd', '2017-07-07 09:16:00', 'Y'),
(253, 'Guest', '2', 'asdasd', '2017-07-07 09:41:00', 'Y'),
(254, 'Guest', '2', 'dasd', '2017-07-07 09:41:00', 'Y'),
(255, 'Guest', '2', 'dasd', '2017-07-07 09:41:00', 'Y'),
(256, 'Guest', '2', 'dasd', '2017-07-07 09:41:00', 'Y'),
(257, 'Guest', '2', 'dasd', '2017-07-07 09:41:00', 'Y'),
(258, 'Guest', '2', 'dasd', '2017-07-07 09:41:00', 'Y'),
(259, 'Guest', '2', 'dasd', '2017-07-07 09:41:00', 'Y'),
(260, 'Guest', '2', 'das', '2017-07-07 09:41:00', 'Y'),
(261, 'Guest', '2', 'dsa', '2017-07-07 09:41:00', 'Y'),
(262, 'Guest', '2', 'das', '2017-07-07 09:41:00', 'Y'),
(263, 'Guest', '2', 'das', '2017-07-07 09:41:00', 'Y'),
(264, 'Guest', '2', 'das', '2017-07-07 09:41:00', 'Y'),
(265, 'Guest', '2', 'das', '2017-07-07 09:41:00', 'Y'),
(266, 'Guest', '2', 'dsadasd', '2017-07-07 09:42:00', 'Y'),
(267, 'Guest', '2', 'cascd', '2017-07-07 09:43:00', 'Y'),
(268, 'Guest', '2', 'casd', '2017-07-07 09:43:00', 'Y'),
(269, 'Guest', '2', 'casd', '2017-07-07 09:43:00', 'Y'),
(270, 'Guest', '2', 'casd', '2017-07-07 09:43:00', 'Y'),
(271, 'Guest', '2', 'dasd', '2017-07-07 09:43:00', 'Y'),
(272, 'Guest', '2', 'asd', '2017-07-07 09:43:00', 'Y'),
(273, 'Guest', '2', 'dasd', '2017-07-07 09:43:00', 'Y'),
(274, 'Guest', '2', 'sadsd', '2017-07-07 09:48:00', 'Y'),
(275, 'Guest', '2', 'dsf', '2017-07-07 09:48:00', 'Y'),
(276, 'Guest', '2', 'sdf', '2017-07-07 09:48:00', 'Y'),
(277, 'Guest', '2', 'sdf', '2017-07-07 09:48:00', 'Y'),
(278, 'Guest', '2', 'fsd', '2017-07-07 09:48:00', 'Y'),
(279, 'Guest', '2', 'fsd', '2017-07-07 09:48:00', 'Y'),
(280, 'Guest', '2', 'asdasd', '2017-07-07 09:49:00', 'Y'),
(281, 'Guest', '2', 'das', '2017-07-07 09:49:00', 'Y'),
(282, 'Guest', '2', 'dsa', '2017-07-07 09:49:00', 'Y'),
(283, 'Guest', '2', 'das', '2017-07-07 09:49:00', 'Y'),
(284, 'Guest', '2', 'das', '2017-07-07 09:49:00', 'Y'),
(285, 'Guest', '2', 'das', '2017-07-07 09:49:00', 'Y'),
(286, 'Guest', '2', 'das', '2017-07-07 09:49:00', 'Y'),
(287, 'Guest', '2', 'das', '2017-07-07 09:49:00', 'Y'),
(288, 'Guest', '2', 'asewd', '2017-07-07 09:49:00', 'Y'),
(289, 'Guest', '2', 'dsa', '2017-07-07 09:49:00', 'Y'),
(290, 'Guest', '2', 'das', '2017-07-07 09:49:00', 'Y'),
(291, 'Guest', '2', 'das', '2017-07-07 09:49:00', 'Y'),
(292, 'Guest', '2', 'das', '2017-07-07 09:49:00', 'Y'),
(293, 'Guest', '2', 'das', '2017-07-07 09:49:00', 'Y'),
(294, 'Guest', '2', 'das', '2017-07-07 09:49:00', 'Y'),
(295, 'Guest', '2', 'das', '2017-07-07 09:49:00', 'Y'),
(296, 'Guest', '2', 'das', '2017-07-07 09:49:00', 'Y'),
(297, 'Guest', '2', 'das', '2017-07-07 09:49:00', 'Y'),
(298, 'Guest', '2', 'das', '2017-07-07 09:49:00', 'Y'),
(299, 'Guest', '2', 'das', '2017-07-07 09:49:00', 'Y'),
(300, 'Guest', '2', 'das', '2017-07-07 09:49:00', 'Y'),
(301, 'Guest', '2', 'das', '2017-07-07 09:49:00', 'Y'),
(302, 'Guest', '2', 'das', '2017-07-07 09:49:00', 'Y'),
(303, 'Guest', '2', 'dasd', '2017-07-07 09:49:00', 'Y'),
(304, 'Guest', '2', 'asd', '2017-07-07 09:49:00', 'Y'),
(305, 'Guest', '2', 'asd', '2017-07-07 09:49:00', 'Y'),
(306, 'Guest', '2', 's', '2017-07-07 09:49:00', 'Y'),
(307, 'Guest', '2', 'd', '2017-07-07 09:49:00', 'Y'),
(308, 'Guest', '2', 'asd', '2017-07-07 09:49:00', 'Y'),
(309, 'Guest', '2', 'asd', '2017-07-07 09:49:00', 'Y'),
(310, 'Guest', '2', 'as', '2017-07-07 09:49:00', 'Y'),
(311, 'Guest', '2', 'd', '2017-07-07 09:49:00', 'Y'),
(312, 'Guest', '2', 'asd', '2017-07-07 09:49:00', 'Y'),
(313, 'Guest', '2', 'as', '2017-07-07 09:49:00', 'Y'),
(314, 'Guest', '2', 'd', '2017-07-07 09:49:00', 'Y'),
(315, 'Guest', '2', 'asd', '2017-07-07 09:49:00', 'Y'),
(316, 'Guest', '2', 'asd', '2017-07-07 09:49:00', 'Y'),
(317, 'Guest', '2', 'asd', '2017-07-07 09:49:00', 'Y'),
(318, 'Guest', '2', 'as', '2017-07-07 09:49:00', 'Y'),
(319, 'Guest', '2', 'd', '2017-07-07 09:49:00', 'Y'),
(320, 'Guest', '2', 'asd', '2017-07-07 09:49:00', 'Y'),
(321, 'Guest', '2', 'as', '2017-07-07 09:49:00', 'Y'),
(322, 'Guest', '2', 'd', '2017-07-07 09:49:00', 'Y'),
(323, 'Guest', '2', 'asd', '2017-07-07 09:49:00', 'Y'),
(324, 'Guest', '2', 'as', '2017-07-07 09:49:00', 'Y'),
(325, 'Guest', '2', 'd', '2017-07-07 09:49:00', 'Y'),
(326, 'Guest', '2', 'as', '2017-07-07 09:49:00', 'Y'),
(327, 'Guest', '2', 'das', '2017-07-07 09:49:00', 'Y'),
(328, 'Guest', '2', 'd', '2017-07-07 09:49:00', 'Y'),
(329, 'Guest', '2', 'sa', '2017-07-07 09:49:00', 'Y'),
(330, 'Guest', '2', 'd', '2017-07-07 09:49:00', 'Y'),
(331, 'Guest', '2', 'asd', '2017-07-07 09:49:00', 'Y'),
(332, 'Guest', '2', 'as', '2017-07-07 09:49:00', 'Y'),
(333, 'Guest', '2', 'd', '2017-07-07 09:49:00', 'Y'),
(334, 'Guest', '2', 'as', '2017-07-07 09:49:00', 'Y'),
(335, 'Guest', '2', 'd', '2017-07-07 09:49:00', 'Y'),
(336, 'Guest', '2', 'sad', '2017-07-07 09:49:00', 'Y'),
(337, 'Guest', '2', 'as', '2017-07-07 09:49:00', 'Y'),
(338, 'Guest', '2', 'dfdsf', '2017-07-07 09:50:00', 'Y'),
(339, 'Guest', '2', 'fdsf', '2017-07-07 09:50:00', 'Y'),
(340, 'Guest', '2', 'fsd', '2017-07-07 09:50:00', 'Y'),
(341, 'Guest', '2', 'fsdf', '2017-07-07 09:50:00', 'Y'),
(342, 'Guest', '2', 'fsd', '2017-07-07 09:50:00', 'Y'),
(343, 'Guest', '2', 'fsd', '2017-07-07 09:50:00', 'Y'),
(344, 'Guest', '2', 'fds', '2017-07-07 09:50:00', 'Y'),
(345, 'Guest', '2', 'fsd', '2017-07-07 09:50:00', 'Y'),
(346, 'Guest', '2', 'fsd', '2017-07-07 09:50:00', 'Y'),
(347, 'Guest', '2', 'fsd', '2017-07-07 09:50:00', 'Y'),
(348, 'Guest', '2', 'fsd', '2017-07-07 09:50:00', 'Y'),
(349, 'Guest', '2', 'fsd', '2017-07-07 09:50:00', 'Y'),
(350, 'Guest', '2', 'fsd', '2017-07-07 09:50:00', 'Y'),
(351, 'Guest', '2', 'fsd', '2017-07-07 09:50:00', 'Y'),
(352, 'Guest', '2', 'fsd', '2017-07-07 09:50:00', 'Y'),
(353, 'Guest', '2', 'fds', '2017-07-07 09:50:00', 'Y'),
(354, 'Guest', '2', 'fd', '2017-07-07 09:50:00', 'Y'),
(355, 'Guest', '2', 'sf', '2017-07-07 09:50:00', 'Y'),
(356, 'Guest', '2', 'ds', '2017-07-07 09:50:00', 'Y'),
(357, 'Guest', '2', 'fd', '2017-07-07 09:50:00', 'Y'),
(358, 'Guest', '2', 'sf', '2017-07-07 09:50:00', 'Y'),
(359, 'Guest', '2', 'ds', '2017-07-07 09:50:00', 'Y'),
(360, 'Guest', '2', 'fds', '2017-07-07 09:50:00', 'Y'),
(361, 'Guest', '2', 'asd', '2017-07-07 09:51:00', 'Y'),
(362, 'Guest', '2', 'das', '2017-07-07 09:51:00', 'Y'),
(363, 'Guest', '2', 'dsad', '2017-07-07 09:51:00', 'Y'),
(364, 'Guest', '2', 'das', '2017-07-07 09:51:00', 'Y'),
(365, 'Guest', '2', 'das', '2017-07-07 09:51:00', 'Y'),
(366, 'Guest', '2', 'asdasd', '2017-07-07 09:52:00', 'Y'),
(367, 'Guest', '2', 'dasd', '2017-07-07 09:52:00', 'Y'),
(368, 'Guest', '2', 'dasd', '2017-07-07 09:52:00', 'Y'),
(369, 'Guest', '2', 'dasd', '2017-07-07 09:52:00', 'Y'),
(370, 'Guest', '2', 'das', '2017-07-07 09:52:00', 'Y'),
(371, 'Guest', '2', 'das', '2017-07-07 09:52:00', 'Y'),
(372, 'Guest', '2', 'dsa', '2017-07-07 09:52:00', 'Y'),
(373, 'Guest', '2', 'das', '2017-07-07 09:52:00', 'Y'),
(374, 'Guest', '2', 'dasd', '2017-07-07 09:52:00', 'Y'),
(375, 'Guest', '2', 'das', '2017-07-07 09:52:00', 'Y'),
(376, 'Guest', '2', 'das', '2017-07-07 09:52:00', 'Y'),
(377, 'Guest', '2', 'sadas', '2017-07-07 09:56:00', 'Y'),
(378, 'Guest', '2', 'dasd', '2017-07-07 09:56:00', 'Y'),
(379, 'Guest', '2', 'dasd', '2017-07-07 09:56:00', 'Y'),
(380, 'Guest', '2', 'dasd', '2017-07-07 09:56:00', 'Y'),
(381, 'Guest', '2', 'das', '2017-07-07 09:56:00', 'Y'),
(382, 'Guest', '2', 'dasd', '2017-07-07 09:56:00', 'Y'),
(383, 'Guest', '2', 'asd', '2017-07-07 09:56:00', 'Y'),
(384, 'Guest', '2', 'dasd', '2017-07-07 09:56:00', 'Y'),
(385, 'Guest', '2', 'das', '2017-07-07 09:56:00', 'Y'),
(386, 'Guest', '2', 'das', '2017-07-07 09:56:00', 'Y'),
(387, 'Guest', '2', 'das', '2017-07-07 09:56:00', 'Y'),
(388, 'Guest', '2', 'das', '2017-07-07 09:56:00', 'Y'),
(389, 'Guest', '2', 'das', '2017-07-07 09:56:00', 'Y'),
(390, 'Guest', '2', 'das', '2017-07-07 09:56:00', 'Y'),
(391, 'Guest', '2', 'asdasd', '2017-07-07 09:56:00', 'Y'),
(392, 'Guest', '2', 'df', '2017-07-07 09:57:00', 'Y'),
(393, 'Guest', '2', 'fds', '2017-07-07 09:57:00', 'Y'),
(394, 'Guest', '2', 'fds', '2017-07-07 09:57:00', 'Y'),
(395, 'Guest', '2', 'fds', '2017-07-07 09:57:00', 'Y'),
(396, 'Guest', '2', 'fds', '2017-07-07 09:57:00', 'Y'),
(397, 'Guest', '2', 'fsd', '2017-07-07 09:57:00', 'Y'),
(398, 'Guest', '2', 'fsdf', '2017-07-07 09:57:00', 'Y'),
(399, 'Guest', '2', 'asad', '2017-07-07 10:00:00', 'Y'),
(400, 'Guest', '2', 'dsas', '2017-07-07 10:00:00', 'Y'),
(401, 'Guest', '2', 'asd', '2017-07-07 10:00:00', 'Y'),
(402, 'Guest', '2', 'dsfdsf', '2017-07-07 10:01:00', 'Y'),
(403, 'Guest', '2', 'fsd', '2017-07-07 10:01:00', 'Y'),
(404, 'Guest', '2', 'fdsf', '2017-07-07 10:01:00', 'Y'),
(405, 'Guest', '2', 'dasd', '2017-07-07 10:02:00', 'Y'),
(406, 'Guest', '2', 'das', '2017-07-07 10:02:00', 'Y'),
(407, 'Guest', '2', 'das', '2017-07-07 10:02:00', 'Y'),
(408, 'Guest', '2', 'dasd', '2017-07-07 10:02:00', 'Y'),
(409, 'Guest', '2', 'das', '2017-07-07 10:02:00', 'Y'),
(410, 'Guest', '2', 'dsfdsfdsf', '2017-07-07 10:03:00', 'Y'),
(411, 'Guest', '2', 'dsf', '2017-07-07 10:03:00', 'Y'),
(412, 'Guest', '2', 'xcfsdf', '2017-07-07 10:05:00', 'Y'),
(413, 'Guest', '2', 'asdasd', '2017-07-07 10:05:00', 'Y'),
(414, 'Guest', '2', 'asdas', '2017-07-07 10:05:00', 'Y'),
(415, 'Guest', '2', 'dasd', '2017-07-07 10:05:00', 'Y'),
(416, 'Guest', '2', 'dasd', '2017-07-07 10:05:00', 'Y'),
(417, 'Guest', '2', 'das', '2017-07-07 10:05:00', 'Y'),
(418, 'Guest', '2', 'das', '2017-07-07 10:05:00', 'Y'),
(419, 'Guest', '2', 'das', '2017-07-07 10:06:00', 'Y'),
(420, 'Guest', '2', 'das', '2017-07-07 10:06:00', 'Y'),
(421, 'Guest', '2', 'ewrfwef', '2017-07-07 10:06:00', 'Y'),
(422, 'Guest', '2', 'ffwed', '2017-07-07 10:06:00', 'Y'),
(423, 'Guest', '2', 'fwef', '2017-07-07 10:06:00', 'Y'),
(424, 'Guest', '2', 'dsfsf', '2017-07-07 10:07:00', 'Y'),
(425, 'Guest', '2', 'dsf', '2017-07-07 10:07:00', 'Y'),
(426, 'Guest', '2', 'fds', '2017-07-07 10:07:00', 'Y'),
(427, 'Guest', '2', 'fds', '2017-07-07 10:07:00', 'Y'),
(428, 'Guest', '2', 'fds', '2017-07-07 10:07:00', 'Y'),
(429, 'Guest', '2', 'fds', '2017-07-07 10:07:00', 'Y'),
(430, 'Guest', '2', 'fsd', '2017-07-07 10:07:00', 'Y'),
(431, 'Guest', '2', 'fsd', '2017-07-07 10:07:00', 'Y'),
(432, 'Guest', '2', 'fds', '2017-07-07 10:07:00', 'Y'),
(433, 'Guest', '2', 'fsd', '2017-07-07 10:07:00', 'Y'),
(434, 'Guest', '2', 'fsd', '2017-07-07 10:07:00', 'Y'),
(435, 'Guest', '2', 'sdsd', '2017-07-07 10:09:00', 'Y'),
(436, 'Guest', '2', 'sd', '2017-07-07 10:09:00', 'Y'),
(437, 'Guest', '2', 'ds', '2017-07-07 10:09:00', 'Y'),
(438, 'Guest', '2', 'ds', '2017-07-07 10:09:00', 'Y'),
(439, 'Guest', '2', 'ds', '2017-07-07 10:09:00', 'Y'),
(440, 'Guest', '2', 'ds', '2017-07-07 10:09:00', 'Y'),
(441, 'Guest', '2', 'ds', '2017-07-07 10:09:00', 'Y'),
(442, 'Guest', '2', 'ds', '2017-07-07 10:09:00', 'Y'),
(443, 'Guest', '3', 'sd', '2017-07-07 10:10:00', 'Y'),
(444, 'Guest', '3', 'ds', '2017-07-07 10:10:00', 'Y'),
(445, 'Guest', '3', 'ds', '2017-07-07 10:10:00', 'Y'),
(446, 'Guest', '3', 'ds', '2017-07-07 10:10:00', 'Y'),
(447, 'Guest', '3', 'ds', '2017-07-07 10:10:00', 'Y'),
(448, 'Guest', '3', 'ds', '2017-07-07 10:10:00', 'Y'),
(449, 'Guest', '3', 'ds', '2017-07-07 10:10:00', 'Y'),
(450, 'Guest', '3', 'ds', '2017-07-07 10:10:00', 'Y'),
(451, 'Guest', '3', 'dsgfsfsdfsgsfg', '2017-07-07 10:10:00', 'Y'),
(452, 'Guest', '3', 'sadasd', '2017-07-07 11:14:00', 'Y'),
(453, 'Guest', '2', 'xcdvgdfg\\', '2017-07-07 11:16:00', 'Y'),
(454, 'Guest', '2', 'ggfdg', '2017-07-07 11:16:00', 'Y'),
(455, 'Guest', '2', 'gfdg', '2017-07-07 11:16:00', 'Y'),
(456, 'Guest', '2', 'gdfg', '2017-07-07 11:16:00', 'Y'),
(457, 'Guest', '2', 'gfdg', '2017-07-07 11:16:00', 'Y'),
(458, 'Guest', '2', 'gdfg', '2017-07-07 11:16:00', 'Y'),
(459, 'Guest', '2', 'gdfg', '2017-07-07 11:16:00', 'Y'),
(460, 'Guest', '2', 'vbgfb', '2017-07-07 11:16:00', 'Y'),
(461, 'Guest', '2', 'dsfdsfdsf', '2017-07-07 11:17:00', 'Y'),
(462, 'Guest', '2', 'fsdfdsf', '2017-07-07 11:17:00', 'Y'),
(463, 'Guest', '2', 'fsdf', '2017-07-07 11:17:00', 'Y'),
(464, 'Guest', '2', 'fsdf', '2017-07-07 11:17:00', 'Y'),
(465, 'Guest', '2', 'fdsf', '2017-07-07 11:17:00', 'Y'),
(466, 'Guest', '2', 'fdsf', '2017-07-07 11:17:00', 'Y'),
(467, 'Guest', '2', 'dfdsf', '2017-07-07 11:18:00', 'Y'),
(468, 'Guest', '2', 'adsdas', '2017-07-07 11:18:00', 'Y'),
(469, 'Guest', '2', 'dasd', '2017-07-07 11:18:00', 'Y'),
(470, 'Guest', '2', 'drfdsf', '2017-07-07 11:28:00', 'Y'),
(471, 'Guest', '2', 'fdsf', '2017-07-07 11:28:00', 'Y'),
(472, 'Guest', '2', 'fsdf', '2017-07-07 11:28:00', 'Y'),
(473, 'Guest', '2', 'fdsf', '2017-07-07 11:28:00', 'Y'),
(474, 'Guest', '2', 'fsd', '2017-07-07 11:28:00', 'Y'),
(475, 'Guest', '2', 'dfdsf', '2017-07-07 11:40:00', 'Y'),
(476, 'Guest', '2', 'fdsf', '2017-07-07 11:40:00', 'Y'),
(477, 'Guest', '2', 'fsd', '2017-07-07 11:40:00', 'Y'),
(478, 'Guest', '2', 'fsd', '2017-07-07 11:40:00', 'Y'),
(479, 'Guest', '2', 'fsd', '2017-07-07 11:40:00', 'Y'),
(480, 'Guest', '2', 'fsd', '2017-07-07 11:40:00', 'Y'),
(481, 'Guest', '2', 'fsd', '2017-07-07 11:40:00', 'Y'),
(482, 'Guest', '2', 'fsd', '2017-07-07 11:40:00', 'Y'),
(483, 'Guest', '2', 'fsd', '2017-07-07 11:40:00', 'Y'),
(484, 'Guest', '2', 'fsd', '2017-07-07 11:40:00', 'Y'),
(485, 'Guest', '2', 'sdfdsf', '2017-07-07 11:41:00', 'Y'),
(486, 'Guest', '2', 'fds', '2017-07-07 11:41:00', 'Y'),
(487, 'Guest', '2', 'fds', '2017-07-07 11:41:00', 'Y'),
(488, 'Guest', '2', 'fds', '2017-07-07 11:41:00', 'Y'),
(489, 'Guest', '2', 'fsdf', '2017-07-07 11:41:00', 'Y'),
(490, 'Guest', '2', 'fds', '2017-07-07 11:41:00', 'Y'),
(491, 'Guest', '2', 'fsd', '2017-07-07 11:41:00', 'Y'),
(492, 'Guest', '2', 'fds', '2017-07-07 11:41:00', 'Y'),
(493, 'Guest', '2', 'fsd', '2017-07-07 11:41:00', 'Y'),
(494, 'Guest', '2', 'fsd', '2017-07-07 11:41:00', 'Y'),
(495, 'Guest', '2', 'fsd', '2017-07-07 11:41:00', 'Y'),
(496, 'Guest', '2', 'dsfsf', '2017-07-07 11:45:00', 'Y'),
(497, 'Guest', '2', 'fsdf', '2017-07-07 11:45:00', 'Y'),
(498, 'Guest', '2', 'dsfsdfdsfdsfdsf', '2017-07-07 11:45:00', 'Y'),
(499, 'Guest', '2', 'fdsfdsfdsfdsf', '2017-07-07 11:45:00', 'Y'),
(500, 'Guest', '2', 'fdsfdsfdsf', '2017-07-07 11:45:00', 'Y'),
(501, 'Guest', '2', 'fsdfdsf', '2017-07-07 11:45:00', 'Y'),
(502, 'Guest', '2', 'fsdfdsfsdf', '2017-07-07 11:45:00', 'Y'),
(503, 'Guest', '2', 'sdfdsfdsf', '2017-07-07 11:45:00', 'Y'),
(504, 'Guest', '2', 'sdf', '2017-07-07 11:45:00', 'Y'),
(505, 'Guest', '2', 'fdsf', '2017-07-07 11:45:00', 'Y'),
(506, 'Guest', '2', 'sdfdsf', '2017-07-07 11:47:00', 'Y'),
(507, 'Guest', '2', 'fds', '2017-07-07 11:47:00', 'Y'),
(508, 'Guest', '2', 'sdf', '2017-07-07 11:47:00', 'Y'),
(509, 'Guest', '2', 'sdf', '2017-07-07 11:47:00', 'Y'),
(510, 'Guest', '2', 'fsdf', '2017-07-07 11:47:00', 'Y'),
(511, 'Guest', '2', 'sdf', '2017-07-07 11:47:00', 'Y'),
(512, 'Guest', '2', 'sdf', '2017-07-07 11:47:00', 'Y'),
(513, 'Guest', '2', 'fsdf', '2017-07-07 11:47:00', 'Y'),
(514, 'Guest', '2', 'fdsf', '2017-07-07 11:47:00', 'Y'),
(515, 'Guest', '2', 'fsdf', '2017-07-07 11:47:00', 'Y'),
(516, 'Guest', '2', 'dfgdg', '2017-07-07 11:50:00', 'Y'),
(517, 'Guest', '2', 'gdfg', '2017-07-07 11:50:00', 'Y'),
(518, 'Guest', '2', 'gdfg', '2017-07-07 11:50:00', 'Y'),
(519, 'Guest', '2', 'gdfg', '2017-07-07 11:50:00', 'Y'),
(520, 'Guest', '2', 'gdfg', '2017-07-07 11:50:00', 'Y'),
(521, 'Guest', '2', 'dsfds', '2017-07-07 11:50:00', 'Y'),
(522, 'Guest', '2', 'fsdf', '2017-07-07 11:50:00', 'Y'),
(523, 'Guest', '2', 'fsdf', '2017-07-07 11:50:00', 'Y'),
(524, 'Guest', '2', 'fsdf', '2017-07-07 11:50:00', 'Y'),
(525, 'Guest', '2', 'fsdf', '2017-07-07 11:50:00', 'Y'),
(526, 'Guest', '2', 'fsdf', '2017-07-07 11:50:00', 'Y'),
(527, 'Guest', '2', 'fsdf', '2017-07-07 11:50:00', 'Y'),
(528, 'Guest', '2', 'fsdf', '2017-07-07 11:50:00', 'Y'),
(529, 'Guest', '2', 'fsdf', '2017-07-07 11:50:00', 'Y'),
(530, 'Guest', '2', 'fsdf', '2017-07-07 11:50:00', 'Y'),
(531, 'Guest', '2', 'fsd', '2017-07-07 11:50:00', 'Y'),
(532, 'Guest', '2', 'fsd', '2017-07-07 11:50:00', 'Y'),
(533, 'Guest', '2', 'fsd', '2017-07-07 11:50:00', 'Y'),
(534, 'Guest', '2', 'fsd', '2017-07-07 11:50:00', 'Y'),
(535, 'Guest', '2', 'fsd', '2017-07-07 11:50:00', 'Y'),
(536, 'Guest', '2', 'dfsgsdgffdg', '2017-07-07 11:51:00', 'Y'),
(537, 'Guest', '2', 'dfsg', '2017-07-07 11:51:00', 'Y'),
(538, 'Guest', '2', 'gdfsg', '2017-07-07 11:51:00', 'Y'),
(539, 'Guest', '2', 'gdfg', '2017-07-07 11:51:00', 'Y'),
(540, 'Guest', '2', 'dsfdsf', '2017-07-07 11:52:00', 'Y'),
(541, 'Guest', '2', 'fds', '2017-07-07 11:52:00', 'Y'),
(542, 'Guest', '2', 'fsd', '2017-07-07 11:52:00', 'Y'),
(543, 'Guest', '2', 'fds', '2017-07-07 11:52:00', 'Y'),
(544, 'Guest', '2', 'fsd', '2017-07-07 11:52:00', 'Y'),
(545, 'Guest', '2', 'fsd', '2017-07-07 11:52:00', 'Y'),
(546, 'Guest', '2', 'fsd', '2017-07-07 11:52:00', 'Y'),
(547, 'Guest', '2', 'fsd', '2017-07-07 11:52:00', 'Y'),
(548, 'Guest', '2', 'sdfdsf', '2017-07-07 13:32:00', 'Y'),
(549, 'Guest', '2', 'fsdf', '2017-07-07 13:32:00', 'Y'),
(550, 'Guest', '2', 'fsdf', '2017-07-07 13:32:00', 'Y'),
(551, 'Guest', '2', 'fsd', '2017-07-07 13:32:00', 'Y'),
(552, 'Guest', '2', 'fsd', '2017-07-07 13:32:00', 'Y'),
(553, 'Guest', '2', 'fsd', '2017-07-07 13:32:00', 'Y'),
(554, 'Guest', '2', 'fds', '2017-07-07 13:32:00', 'Y'),
(555, 'Guest', '2', 'fsd', '2017-07-07 13:32:00', 'Y'),
(556, 'Guest', '2', 'k', '2017-07-07 15:37:00', 'Y'),
(557, 'Guest', '2', 'k', '2017-07-07 15:37:00', 'Y'),
(558, 'Guest', '2', 'k', '2017-07-07 15:38:00', 'Y'),
(559, 'Guest', '2', 'k', '2017-07-07 15:38:00', 'Y'),
(560, 'Guest', '2', 'k', '2017-07-07 15:38:00', 'Y'),
(561, 'Guest', '2', 'k', '2017-07-07 15:38:00', 'Y'),
(562, 'Guest', '2', 'k', '2017-07-07 15:38:00', 'Y'),
(563, 'Guest', '2', 'k', '2017-07-07 15:38:00', 'Y'),
(564, 'Guest', '2', 'k', '2017-07-07 15:38:00', 'Y'),
(565, 'Guest', '2', 'k', '2017-07-07 15:38:00', 'Y'),
(566, 'Guest', '2', 'a', '2017-07-07 15:40:00', 'Y'),
(567, 'Guest', '2', 'a', '2017-07-07 15:40:00', 'Y'),
(568, 'Guest', '2', 'a', '2017-07-07 15:40:00', 'Y'),
(569, 'Guest', '2', 'a', '2017-07-07 15:40:00', 'Y'),
(570, 'Guest', '2', 'a', '2017-07-07 15:40:00', 'Y'),
(571, 'Guest', '2', 'a', '2017-07-07 15:40:00', 'Y'),
(572, 'Guest', '2', 'a', '2017-07-07 15:40:00', 'Y'),
(573, 'Guest', '2', 'a', '2017-07-07 15:40:00', 'Y'),
(574, 'Guest', '2', 'a', '2017-07-07 15:40:00', 'Y'),
(575, 'Guest', '2', 'a', '2017-07-07 15:40:00', 'Y'),
(576, 'Guest', '2', 'd', '2017-07-07 15:40:00', 'Y'),
(577, 'Guest', '2', 'd', '2017-07-07 15:40:00', 'Y'),
(578, 'Guest', '2', 'd', '2017-07-07 15:40:00', 'Y'),
(579, 'Guest', '2', 'j', '2017-07-07 15:43:00', 'Y'),
(580, 'Guest', '2', 'j', '2017-07-07 15:43:00', 'Y'),
(581, 'Guest', '2', 'j', '2017-07-07 15:43:00', 'Y'),
(582, 'Guest', '2', 'j', '2017-07-07 15:43:00', 'Y'),
(583, 'Guest', '2', 'j', '2017-07-07 15:43:00', 'Y'),
(584, 'Guest', '2', 'j', '2017-07-07 15:43:00', 'Y'),
(585, 'Guest', '2', 'j', '2017-07-07 15:43:00', 'Y'),
(586, 'Guest', '2', 'j', '2017-07-07 15:43:00', 'Y'),
(587, 'Guest', '2', 'j', '2017-07-07 15:43:00', 'Y'),
(588, 'Guest', '2', 'j', '2017-07-07 15:43:00', 'Y'),
(589, 'Guest', '2', 'j', '2017-07-07 15:43:00', 'Y'),
(590, 'Guest', '2', 'j', '2017-07-07 15:43:00', 'Y'),
(591, 'Guest', '2', 'k', '2017-07-07 15:45:00', 'Y'),
(592, 'Guest', '2', 'k', '2017-07-07 15:45:00', 'Y'),
(593, 'Guest', '2', 'k', '2017-07-07 15:45:00', 'Y'),
(594, 'Guest', '2', 'k', '2017-07-07 15:45:00', 'Y'),
(595, 'Guest', '2', 'k', '2017-07-07 15:45:00', 'Y'),
(596, 'Guest', '2', 'k', '2017-07-07 15:45:00', 'Y'),
(597, 'Guest', '2', 'k', '2017-07-07 15:45:00', 'Y'),
(598, 'Guest', '2', 'k', '2017-07-07 15:45:00', 'Y'),
(599, 'Guest', '2', 'k', '2017-07-07 15:45:00', 'Y'),
(600, 'Guest', '2', 'k', '2017-07-07 15:45:00', 'Y'),
(601, 'Guest', '2', 'k', '2017-07-07 15:45:00', 'Y'),
(602, 'Guest', '2', 'k', '2017-07-07 15:45:00', 'Y'),
(603, 'Guest', '2', 'k', '2017-07-07 15:45:00', 'Y'),
(604, 'Guest', '2', 'k', '2017-07-07 15:45:00', 'Y'),
(605, 'Guest', '2', 'k', '2017-07-07 15:48:00', 'Y'),
(606, 'Guest', '2', 'k', '2017-07-07 15:48:00', 'Y'),
(607, 'Guest', '2', 'k', '2017-07-07 15:48:00', 'Y'),
(608, 'Guest', '2', 'k', '2017-07-07 15:48:00', 'Y'),
(609, 'Guest', '2', 'k', '2017-07-07 15:48:00', 'Y'),
(610, 'Guest', '2', 'k', '2017-07-07 15:48:00', 'Y'),
(611, 'Guest', '2', 'k', '2017-07-07 15:48:00', 'Y'),
(612, 'Guest', '2', 'k', '2017-07-07 15:48:00', 'Y'),
(613, 'Guest', '2', 'k', '2017-07-07 15:48:00', 'Y'),
(614, 'Guest', '2', 'k', '2017-07-07 15:48:00', 'Y'),
(615, 'Guest', '2', 'k', '2017-07-07 15:48:00', 'Y'),
(616, 'Guest', '2', 'k', '2017-07-07 15:48:00', 'Y'),
(617, 'Guest', '2', 'k', '2017-07-07 15:48:00', 'Y'),
(618, 'Guest', '2', 'k', '2017-07-07 15:48:00', 'Y'),
(619, 'Guest', '2', 'k', '2017-07-07 15:48:00', 'Y'),
(620, 'Guest', '2', 'k', '2017-07-07 15:48:00', 'Y'),
(621, 'Guest', '2', 'k', '2017-07-07 15:48:00', 'Y'),
(622, 'Guest', '2', 'k', '2017-07-07 15:48:00', 'Y'),
(623, 'Guest', '2', 'k', '2017-07-07 15:50:00', 'Y'),
(624, 'Guest', '2', 'k', '2017-07-07 15:50:00', 'Y'),
(625, 'Guest', '2', 'k', '2017-07-07 15:50:00', 'Y'),
(626, 'Guest', '2', 'k', '2017-07-07 15:50:00', 'Y'),
(627, 'Guest', '2', 'k', '2017-07-07 15:50:00', 'Y'),
(628, 'Guest', '2', 'k', '2017-07-07 15:50:00', 'Y'),
(629, 'Guest', '2', 'k', '2017-07-07 15:50:00', 'Y'),
(630, 'Guest', '2', 'k', '2017-07-07 15:50:00', 'Y'),
(631, 'Guest', '2', 'k', '2017-07-07 15:50:00', 'Y'),
(632, 'Guest', '2', 'k', '2017-07-07 15:50:00', 'Y'),
(633, 'Guest', '2', 'k', '2017-07-07 15:50:00', 'Y'),
(634, 'Guest', '2', 'd', '2017-07-07 15:51:00', 'Y'),
(635, 'Guest', '2', 'd', '2017-07-07 15:51:00', 'Y'),
(636, 'Guest', '2', 'd', '2017-07-07 15:51:00', 'Y'),
(637, 'Guest', '2', 'd', '2017-07-07 15:51:00', 'Y'),
(638, 'Guest', '2', 'd', '2017-07-07 15:51:00', 'Y'),
(639, 'Guest', '2', 'd', '2017-07-07 15:51:00', 'Y'),
(640, 'Guest', '2', 'd', '2017-07-07 15:51:00', 'Y'),
(641, 'Guest', '2', 'd', '2017-07-07 15:51:00', 'Y'),
(642, 'Guest', '2', 'd', '2017-07-07 15:51:00', 'Y'),
(643, 'Guest', '2', 'd', '2017-07-07 15:51:00', 'Y'),
(644, 'Guest', '2', 'd', '2017-07-07 15:51:00', 'Y'),
(645, 'Guest', '2', 'k', '2017-07-07 15:52:00', 'Y'),
(646, 'Guest', '2', 'k', '2017-07-07 15:52:00', 'Y'),
(647, 'Guest', '2', 'k', '2017-07-07 15:52:00', 'Y'),
(648, 'Guest', '2', 'k', '2017-07-07 15:52:00', 'Y'),
(649, 'Guest', '2', 'k', '2017-07-07 15:52:00', 'Y'),
(650, 'Guest', '2', 'k', '2017-07-07 15:52:00', 'Y'),
(651, 'Guest', '2', 'k', '2017-07-07 15:52:00', 'Y'),
(652, 'Guest', '2', 'k', '2017-07-07 15:52:00', 'Y'),
(653, 'Guest', '2', 'k', '2017-07-07 15:52:00', 'Y'),
(654, 'Guest', '2', 'k', '2017-07-07 15:52:00', 'Y'),
(655, 'Guest', '2', 'k', '2017-07-07 15:52:00', 'Y'),
(656, 'Guest', '2', 'k', '2017-07-07 15:52:00', 'Y'),
(657, 'Guest', '2', 'k', '2017-07-07 15:52:00', 'Y'),
(658, 'Guest', '2', 'k', '2017-07-07 15:52:00', 'Y'),
(659, 'Guest', '2', 'k', '2017-07-07 15:52:00', 'Y'),
(660, 'Guest', '2', 'k', '2017-07-07 15:52:00', 'Y'),
(661, 'Guest', '2', 'k', '2017-07-07 15:52:00', 'Y'),
(662, 'Guest', '2', 's', '2017-07-07 15:52:00', 'Y'),
(663, 'Guest', '2', 's', '2017-07-07 15:52:00', 'Y'),
(664, 'Guest', '2', 's', '2017-07-07 15:52:00', 'Y'),
(665, 'Guest', '2', 's', '2017-07-07 15:52:00', 'Y'),
(666, 'Guest', '2', 's', '2017-07-07 15:52:00', 'Y'),
(667, 'Guest', '2', 's', '2017-07-07 15:52:00', 'Y'),
(668, 'Guest', '2', 's', '2017-07-07 15:52:00', 'Y'),
(669, 'Guest', '2', 's', '2017-07-07 15:52:00', 'Y'),
(670, 'Guest', '2', 's', '2017-07-07 15:52:00', 'Y'),
(671, 'Guest', '2', 's', '2017-07-07 15:52:00', 'Y'),
(672, 'Guest', '2', 's', '2017-07-07 15:52:00', 'Y'),
(673, 'Guest', '2', 's', '2017-07-07 15:52:00', 'Y'),
(674, 'Guest', '2', 's', '2017-07-07 15:52:00', 'Y'),
(675, 'Guest', '2', 's', '2017-07-07 15:52:00', 'Y'),
(676, 'Guest', '2', 'd', '2017-07-07 15:53:00', 'Y'),
(677, 'Guest', '2', 'd', '2017-07-07 15:53:00', 'Y'),
(678, 'Guest', '2', 'd', '2017-07-07 15:53:00', 'Y'),
(679, 'Guest', '2', 'd', '2017-07-07 15:53:00', 'Y'),
(680, 'Guest', '2', 'd', '2017-07-07 15:53:00', 'Y'),
(681, 'Guest', '2', 'd', '2017-07-07 15:53:00', 'Y'),
(682, 'Guest', '2', 'd', '2017-07-07 15:53:00', 'Y'),
(683, 'Guest', '2', 'd', '2017-07-07 15:53:00', 'Y'),
(684, 'Guest', '2', 'd', '2017-07-07 15:53:00', 'Y'),
(685, 'Guest', '2', 'k', '2017-07-07 15:54:00', 'Y'),
(686, 'Guest', '2', 'k', '2017-07-07 15:54:00', 'Y'),
(687, 'Guest', '2', 'k', '2017-07-07 15:54:00', 'Y'),
(688, 'Guest', '2', 'k', '2017-07-07 15:54:00', 'Y'),
(689, 'Guest', '2', 'k', '2017-07-07 15:54:00', 'Y'),
(690, 'Guest', '2', 'k', '2017-07-07 15:54:00', 'Y'),
(691, 'Guest', '2', 'k', '2017-07-07 15:54:00', 'Y'),
(692, 'Guest', '2', 'k', '2017-07-07 15:54:00', 'Y'),
(693, 'Guest', '2', 'k', '2017-07-07 15:54:00', 'Y'),
(694, 'Guest', '2', 'k', '2017-07-07 15:54:00', 'Y'),
(695, 'Guest', '2', 'k', '2017-07-07 15:54:00', 'Y'),
(696, 'Guest', '2', 'k', '2017-07-07 15:54:00', 'Y'),
(697, 'Guest', '2', 'k', '2017-07-07 15:54:00', 'Y'),
(698, 'Guest', '2', 'k', '2017-07-07 15:54:00', 'Y'),
(699, 'Guest', '2', 'k', '2017-07-07 15:54:00', 'Y'),
(700, 'Guest', '2', 'k', '2017-07-07 15:58:00', 'Y'),
(701, 'Guest', '2', 'k', '2017-07-07 15:58:00', 'Y'),
(702, 'Guest', '2', 'k', '2017-07-07 15:58:00', 'Y'),
(703, 'Guest', '2', 'k', '2017-07-07 15:58:00', 'Y'),
(704, 'Guest', '2', 'k', '2017-07-07 15:58:00', 'Y'),
(705, 'Guest', '2', 'k', '2017-07-07 15:58:00', 'Y'),
(706, 'Guest', '2', 'k', '2017-07-07 15:58:00', 'Y'),
(707, 'Guest', '2', 'k', '2017-07-07 15:58:00', 'Y'),
(708, 'Guest', '2', 'k', '2017-07-07 15:58:00', 'Y'),
(709, 'Guest', '2', 'k', '2017-07-07 15:58:00', 'Y'),
(710, 'Guest', '2', 'k', '2017-07-07 15:58:00', 'Y'),
(711, 'Guest', '2', 'k', '2017-07-07 15:58:00', 'Y'),
(712, 'Guest', '2', 'k', '2017-07-07 15:58:00', 'Y'),
(713, 'Guest', '2', 'k', '2017-07-07 15:59:00', 'Y'),
(714, 'Guest', '2', 'j', '2017-07-07 15:59:00', 'Y'),
(715, 'Guest', '2', 'j', '2017-07-07 15:59:00', 'Y'),
(716, 'Guest', '2', 'j', '2017-07-07 15:59:00', 'Y'),
(717, 'Guest', '2', 'j', '2017-07-07 15:59:00', 'Y'),
(718, 'Guest', '2', 'j', '2017-07-07 15:59:00', 'Y'),
(719, 'Guest', '2', 'j', '2017-07-07 15:59:00', 'Y'),
(720, 'Guest', '2', 'j', '2017-07-07 15:59:00', 'Y'),
(721, 'Guest', '3', 'hay', '2019-01-19 10:53:00', 'Y');

-- --------------------------------------------------------

--
-- Table structure for table `komen_news`
--

CREATE TABLE IF NOT EXISTS `komen_news` (
  `id_kom` int(11) NOT NULL AUTO_INCREMENT,
  `komentar` varchar(120) DEFAULT NULL,
  `waktu` datetime DEFAULT NULL,
  `id_user` varchar(60) DEFAULT NULL,
  `id_news` varchar(20) NOT NULL,
  `st` varchar(2) DEFAULT NULL,
  PRIMARY KEY (`id_kom`)
) ENGINE=InnoDB  DEFAULT CHARSET=latin1 AUTO_INCREMENT=29 ;

--
-- Dumping data for table `komen_news`
--

INSERT INTO `komen_news` (`id_kom`, `komentar`, `waktu`, `id_user`, `id_news`, `st`) VALUES
(1, 'susu', '2017-05-01 00:00:00', '000001', '000001', 'Y'),
(2, 'coba', '2017-05-17 08:28:25', '00001', '00002', 'Y'),
(3, 'coba', '2017-05-17 08:29:10', '00001', '00002', 'Y'),
(4, 'enak', '2017-05-17 08:33:18', '000172', '000002', 'Y'),
(5, 'coba komen', '2017-05-17 08:33:58', '000172', '000001', 'Y'),
(6, 'coba', '2017-05-17 08:59:56', '00001', '00002', 'Y'),
(7, 'jumlah komen berapa ya ?', '2017-05-17 09:17:48', '000172', '000002', 'Y'),
(8, 'test', '2017-05-17 11:15:17', '000172', '000002', 'Y'),
(9, 'haloo', '2017-05-17 11:41:29', '000172', '000001', 'Y'),
(10, 'coba', '2017-05-17 11:41:56', '00001', '00002', 'Y'),
(11, 'coba', '2017-05-17 11:42:39', '00001', '00002', 'Y'),
(12, 'hai', '2017-05-17 11:42:50', '00001', '00002', 'Y'),
(13, 'hai', '2017-05-17 11:43:41', '00001', '00002', 'Y'),
(14, 'hai', '2017-05-17 11:44:30', '000172', '00002', 'Y'),
(15, 'seer', '2017-05-17 11:44:51', '000172', '000002', 'Y'),
(16, 'susu', '2017-05-17 11:45:25', '000172', '000002', 'Y'),
(17, 'susu', '2017-05-17 11:46:54', '000172', '000002', 'Y'),
(18, '1', '2017-05-17 16:55:08', '000172', '000002', 'Y'),
(19, 'coba', '2017-05-17 17:03:02', '000172', '000002', 'Y'),
(20, 'ea', '2017-05-17 17:03:23', '000172', '000002', 'Y'),
(21, 'eaaaaa', '2017-05-17 17:05:23', '000172', '000002', 'Y'),
(22, 'eaaaaa', '2017-05-17 17:05:32', '000172', '000002', 'Y'),
(23, 'emakkkk', '2017-05-17 17:12:35', '000172', '000002', 'Y'),
(24, 'coba news', '2017-05-17 17:24:44', '000172', '000001', 'Y'),
(25, 'Tes', '2017-05-17 18:00:55', '000172', '000002', 'Y'),
(26, 'Tes', '2017-05-20 13:43:35', '000174', '000003', 'Y'),
(27, 'Coba', '2017-05-20 13:56:39', '000172', '000003', 'Y'),
(28, 'Bagus', '2018-04-12 01:53:11', '000178', '000002', 'Y');

-- --------------------------------------------------------

--
-- Table structure for table `komen_news_det`
--

CREATE TABLE IF NOT EXISTS `komen_news_det` (
  `id_kom` int(11) NOT NULL,
  `komentar` varchar(120) DEFAULT NULL,
  `waktu` datetime DEFAULT NULL,
  `id_user` varchar(60) DEFAULT NULL,
  `st` varchar(2) DEFAULT NULL
) ENGINE=InnoDB DEFAULT CHARSET=latin1;

--
-- Dumping data for table `komen_news_det`
--

INSERT INTO `komen_news_det` (`id_kom`, `komentar`, `waktu`, `id_user`, `st`) VALUES
(7, 'haloo', '2017-05-01 00:00:00', '000172', 'Y'),
(7, 'hai', '2017-05-17 12:33:45', '000172', 'Y'),
(7, 'sss', '2017-05-02 00:00:00', '000172', 'Y'),
(9, 'coba', '2017-05-17 17:16:47', '000172', 'Y'),
(15, 'coba', '2017-05-17 17:17:29', '000172', 'Y'),
(8, 'ea', '2017-05-17 17:24:01', '000172', 'Y'),
(7, 'hmmmm', '2017-05-17 17:24:22', '000172', 'Y'),
(24, 'berita lohh itu', '2017-05-17 17:24:56', '000172', 'Y'),
(25, 'Tes dalam', '2017-05-17 18:01:11', '000172', 'Y'),
(8, 'Kangen', '2018-03-18 13:29:36', '000172', 'Y');

-- --------------------------------------------------------

--
-- Table structure for table `msadmin`
--

CREATE TABLE IF NOT EXISTS `msadmin` (
  `IDuser` varchar(60) DEFAULT NULL,
  `Username` varchar(255) NOT NULL,
  `Password` varchar(60) NOT NULL,
  `Nama` varchar(255) NOT NULL,
  `RegisterDate` datetime NOT NULL,
  `Status` tinyint(1) NOT NULL DEFAULT '0'
) ENGINE=MyISAM DEFAULT CHARSET=utf8;

--
-- Dumping data for table `msadmin`
--

INSERT INTO `msadmin` (`IDuser`, `Username`, `Password`, `Nama`, `RegisterDate`, `Status`) VALUES
('000001', 'admin', 'HJHJ767uiJH21232f297a57a5a743894a0e4a801fc3JK787kjkKJK', 'admin', '2017-04-21 23:14:15', 1);

-- --------------------------------------------------------

--
-- Table structure for table `msregistrasi`
--

CREATE TABLE IF NOT EXISTS `msregistrasi` (
  `IDRegistrasi` char(6) NOT NULL,
  `IDIndustri` char(6) NOT NULL DEFAULT '',
  `IDKelurahan` char(6) NOT NULL,
  `NoRegistrasi` char(6) NOT NULL,
  `NamaIndustri` varchar(50) NOT NULL,
  `AlamatIndustri` text NOT NULL,
  `TeleponIndustri` varchar(50) NOT NULL,
  `EmailIndustri` varchar(50) NOT NULL,
  `RegisterDate` datetime NOT NULL,
  PRIMARY KEY (`IDRegistrasi`)
) ENGINE=MyISAM DEFAULT CHARSET=utf8;

-- --------------------------------------------------------

--
-- Table structure for table `msuser`
--

CREATE TABLE IF NOT EXISTS `msuser` (
  `id_user` char(6) NOT NULL,
  `nama_user` varchar(50) NOT NULL,
  `alamat` text,
  `jk` varchar(20) DEFAULT NULL,
  `no_telf` varchar(15) DEFAULT NULL,
  `tempat` varchar(20) DEFAULT NULL,
  `tgl_lahir` date DEFAULT NULL,
  `password` varchar(32) NOT NULL,
  `email` varchar(255) NOT NULL,
  `tgl_daftar` date NOT NULL,
  `deskripsi` text,
  `gambar` varchar(120) DEFAULT 'none.jpg',
  `status` varchar(2) NOT NULL DEFAULT '0',
  `type_user` enum('umum','board') NOT NULL DEFAULT 'umum',
  PRIMARY KEY (`id_user`)
) ENGINE=MyISAM DEFAULT CHARSET=utf8;

--
-- Dumping data for table `msuser`
--

INSERT INTO `msuser` (`id_user`, `nama_user`, `alamat`, `jk`, `no_telf`, `tempat`, `tgl_lahir`, `password`, `email`, `tgl_daftar`, `deskripsi`, `gambar`, `status`, `type_user`) VALUES
('000178', 'Agus P', 'jl.pelampung no.4\r\n   ', 'Laki-laki', '085214134407', 'jakarta', '1980-08-20', '7e54d9c174e1984cf01485ce06256ce2', 'agus.seveldu@gmail.com', '2018-03-27', '\r\n   ', '000178.jpg', 'Y', 'umum'),
('000181', 'user', 'user\r\n   ', 'Laki-laki', '081932591980', 'jakarta', '1980-01-01', '492bd0b256f43b4857638554f48c5325', 'user.japfafoundation@gmail.com', '2018-09-18', 'user\r\n   ', 'none.jpg', 'Y', 'umum'),
('000182', 'tes', 'tes\r\n   ', 'Laki-laki', '0192838', 'jakarta', '2000-02-01', '7e54d9c174e1984cf01485ce06256ce2', 'tes@japfafoundation.org', '2018-10-02', 'tes\r\n   ', '000182.jpg', 'Y', 'umum'),
('000179', 'arfan', 'kediri\r\n   ', 'Laki-laki', '2324', 'kediri', '2018-04-24', '195407c9267722643f905d9b1a8c6549', 'arfanprayogo@yahoo.co.id', '2018-04-15', '\r\n   oke', '000179.jpg', 'Y', 'umum'),
('000180', 'Wahono', 'JAPFA Foundation \r\nWisma Millenia Lantai 7 \r\nJl MT Haryono Kav 16\r\nJakarta 12810', 'Laki-laki', '021 28545680', 'Bogor', '1974-04-01', 'b814076049806345b44ac37c1e8aa77b', 'wahono.kolopaking@japfafoundation.org', '2018-04-30', '\r\n   ', '000180.jpg', 'Y', 'umum'),
('000183', 'Affan', 'Perum Bumi Asri blok V/21 Kaliombo Kota Kediri', 'Laki-laki', '085790244195', 'Sukabumi', '2001-06-23', '195407c9267722643f905d9b1a8c6549', 'caffanap@gmail.com', '2018-11-26', 'Developer', 'none.jpg', 'Y', 'board'),
('000184', 'MICI ANNISA SORAYA', 'Apartemen Taman Rasuna Tower 18', 'Perempuan', '081387006588', 'Indonesia', '1982-02-14', '17Agustus1945', 'mici.annisa@japfafoundation.org', '2018-12-05', NULL, 'none.jpg', 'N', 'umum'),
('000185', 'MICI ANNISA SORAYA', 'Apart Taman Rasuna', 'Perempuan', '081387006588', 'Indonesia', '1982-02-14', '17Agustus1945', 'mici.annisa@japfafoundation.org', '2018-12-05', NULL, 'none.jpg', 'N', 'umum'),
('000186', 'MICI ANNISA SORAYA', 'Rasuna', 'Perempuan', '081387006588', 'Indonesia', '1982-02-14', '17Agustus1945', 'mici.annisa@japfafoundation.org', '2019-01-03', NULL, 'none.jpg', 'N', 'umum'),
('000187', 'MICI ANNISA SORAYA', 'Rasuna', 'Perempuan', '081387006588', 'Indonesia', '1982-02-14', 'b814076049806345b44ac37c1e8aa77b', 'mici.annisa@japfafoundation.org', '2019-01-03', NULL, '000187.PNG', 'N', 'umum'),
('000188', 'MICI ANNISA SORAYA', 'Rasuna', 'Perempuan', '081387006588', 'Indonesia', '1982-02-14', 'b814076049806345b44ac37c1e8aa77b', 'mici.annisa@japfafoundation.org', '2019-01-03', NULL, '000188.PNG', 'N', 'umum'),
('000189', 'MICI ANNISA SORAYA', 'Rasuna', 'Perempuan', '081387006588', 'Indonesia', '1982-02-14', 'b814076049806345b44ac37c1e8aa77b', 'mici.annisa@japfafoundation.org', '2019-01-03', NULL, '000189.PNG', 'N', 'umum'),
('000190', 'MICI ANNISA SORAYA', 'Rasuna', 'Perempuan', '081387006588', 'Indonesia', '1982-02-14', 'b814076049806345b44ac37c1e8aa77b', 'mici.annisa@japfafoundation.org', '2019-01-03', NULL, '000190.PNG', 'N', 'umum'),
('000191', 'MICI ANNISA SORAYA', 'Rasuna', 'Perempuan', '081387006588', 'Indonesia', '1982-02-14', 'b814076049806345b44ac37c1e8aa77b', 'mici.annisa@japfafoundation.org', '2019-01-03', NULL, '000191.PNG', 'N', 'umum'),
('000193', 'Chairul Affan Adi Putra', 'bumi asri', 'Laki-laki', '085790241195', NULL, NULL, 'c4ca4238a0b923820dcc509a6f75849b', 'caff@gmail.com', '2019-03-29', NULL, 'none.jpg', 'Y', 'umum'),
('000192', 'a', 'a', 'Laki-laki', '08570244195', NULL, NULL, '0cc175b9c0f1b6a831c399e269772661', 'a@gmail.com', '2019-03-29', NULL, 'none.jpg', 'Y', 'umum'),
('000194', 'b', 'b', 'Laki-laki', '08457', NULL, NULL, '92eb5ffee6ae2fec3ad71c777531578f', 'b@gmail.com', '2019-03-29', NULL, 'none.jpg', 'Y', 'umum'),
('000195', 'Agus', 'Jl.pelampung no.4', 'Laki-laki', '081932591980', NULL, NULL, '7e54d9c174e1984cf01485ce06256ce2', 'agus.seveldu@gmail.com', '2019-04-18', NULL, 'none.jpg', 'Y', 'umum');

-- --------------------------------------------------------

--
-- Table structure for table `subscribe`
--

CREATE TABLE IF NOT EXISTS `subscribe` (
  `id_subscibe` int(11) NOT NULL AUTO_INCREMENT,
  `first_name` varchar(255) NOT NULL,
  `last_name` varchar(255) NOT NULL,
  `email` varchar(255) NOT NULL,
  `date` timestamp NOT NULL DEFAULT CURRENT_TIMESTAMP ON UPDATE CURRENT_TIMESTAMP,
  PRIMARY KEY (`id_subscibe`),
  UNIQUE KEY `email` (`email`)
) ENGINE=InnoDB  DEFAULT CHARSET=latin1 AUTO_INCREMENT=3 ;

--
-- Dumping data for table `subscribe`
--

INSERT INTO `subscribe` (`id_subscibe`, `first_name`, `last_name`, `email`, `date`) VALUES
(1, 'lang', 'pp', 'ngasalngasal@gmail.com', '2019-04-29 14:40:21'),
(2, 'asd', 'asd', 'asdasda@gasga', '2019-04-29 14:44:22');

-- --------------------------------------------------------

--
-- Table structure for table `tbbencana`
--

CREATE TABLE IF NOT EXISTS `tbbencana` (
  `id_bencana` varchar(40) NOT NULL,
  `nama_bencana` varchar(120) DEFAULT NULL,
  `nama_bencana_ing` varchar(120) DEFAULT NULL,
  `gambar` varchar(120) DEFAULT NULL,
  `slug` text,
  `status` varchar(2) DEFAULT NULL,
  PRIMARY KEY (`id_bencana`)
) ENGINE=InnoDB DEFAULT CHARSET=latin1;

--
-- Dumping data for table `tbbencana`
--

INSERT INTO `tbbencana` (`id_bencana`, `nama_bencana`, `nama_bencana_ing`, `gambar`, `slug`, `status`) VALUES
('000001', 'Lamongan', NULL, '000001.jpg', NULL, 'Y'),
('000002', 'Padang', NULL, '000002.jpg', NULL, 'Y'),
('000003', 'South Jakarta', NULL, '000003.jpg', NULL, 'Y'),
('000004', 'Medan', NULL, '000004.jpg', NULL, 'Y'),
('000005', 'Lampung', NULL, '000005.jpg', NULL, 'Y'),
('000006', 'coba 3', 'tray 3', '000006.jpg', '1555059154-coba-3.html', 'Y'),
('000007', 'coba', 'testy', '000007.jpg', '1554882641-coba.html', 'Y'),
('000008', 'coba2', 'tray2', '000008.jpg', '1554974812-coba2.html', 'Y');

-- --------------------------------------------------------

--
-- Table structure for table `tbbencanadet`
--

CREATE TABLE IF NOT EXISTS `tbbencanadet` (
  `id_detbencana` varchar(40) NOT NULL,
  `id_bencana` varchar(40) DEFAULT NULL,
  `nama_bencanadet` varchar(120) DEFAULT NULL,
  `nama_bencanadet_ing` varchar(120) DEFAULT NULL,
  `alamat` text,
  `tujuan` text,
  `tujuan_ing` text,
  `pelaksana` varchar(120) DEFAULT NULL,
  `pelaksana_ing` varchar(120) DEFAULT NULL,
  `tgl_reg` datetime NOT NULL,
  `tgl_mulai` date DEFAULT NULL,
  `tgl_akhir` date DEFAULT NULL,
  `long` varchar(40) DEFAULT NULL,
  `lat` varchar(40) DEFAULT NULL,
  `gambar` varchar(120) DEFAULT NULL,
  `slug` text,
  `status` varchar(2) DEFAULT NULL,
  PRIMARY KEY (`id_detbencana`)
) ENGINE=InnoDB DEFAULT CHARSET=latin1;

--
-- Dumping data for table `tbbencanadet`
--

INSERT INTO `tbbencanadet` (`id_detbencana`, `id_bencana`, `nama_bencanadet`, `nama_bencanadet_ing`, `alamat`, `tujuan`, `tujuan_ing`, `pelaksana`, `pelaksana_ing`, `tgl_reg`, `tgl_mulai`, `tgl_akhir`, `long`, `lat`, `gambar`, `slug`, `status`) VALUES
('000002', '000001', 'PHBS 2', 'Bencana Inggris', '   lamongan', 'bencana', 'Bencana Inggris', 'Program Division', 'Bencana Inggris', '2019-04-11 00:38:51', '2018-04-20', '2018-04-21', '112.33377689999998', '-7.126926099999999', '000002.jpg', '1554943131-PHBS-2.html', 'Y'),
('000003', '000001', 'Training of PHBS book illustration', NULL, '   lamongan', 'The training has been done; follow up by COSI Coord', NULL, 'Program Division', NULL, '2018-04-20 04:04:12', '2018-04-20', '2018-04-21', '112.33377689999998', '-7.126926099999999', '000003.jpg', NULL, 'Y'),
('000004', '000001', 'PAUD Teachers Training', 'paud inggris', 'lamongan', 'Has been done and now is waiting for RTL to communicate with AS about the TOR', 'inggrisssss', 'Program Division', 'pelaksana inggrissss', '2018-04-20 04:05:16', '2018-04-20', '2018-04-21', '112.33377689999998', '-7.126926099999999', '000004.jpg', NULL, 'Y'),
('000005', '000001', 'Journalistic Training', NULL, '   lamongan', 'Concept follow up and proposal from Videonesia', NULL, 'Program Division', NULL, '2018-04-20 04:06:26', '2018-04-20', '2018-04-21', '112.33377689999998', '-7.126926099999999', '000005.jpg', NULL, 'Y'),
('000006', '000001', 'Pesantren Maulana Ishak (Mineral Water)', 'pesantren inggris', '   lamongan', 'Proposal has been sent on 23rd Nov 2017 (Rp. 256, 850,000), waiting for the approval', 'tujuan inggris', 'Program Division', 'pelaksana inggris', '2018-04-20 04:07:29', '2018-04-20', '2018-04-21', '112.33377689999998', '-7.126926099999999', '000006.jpg', NULL, 'Y'),
('000007', '000002', 'AKSN', NULL, '   padang', 'The process of legal document work in a notary: Erikson Hendri will be communicating with the management of AKSN,The preparation of seminar and launching of AKSN: waiting for the TOR from AKSN,Waiting for the proposal and program budget (workplan) 2018\r\n', NULL, 'Program Division', NULL, '2018-04-20 04:08:48', '2018-04-20', '2018-04-21', '100.41718100000003', '-0.9470831999999999', '000007.jpg', NULL, 'Y'),
('000008', '000003', 'Program Development', NULL, '   south jakarta', 'The preparation of capacity building program and work program 2018 has been done, the budget is still needed (not yet included) ', NULL, 'Program Division', NULL, '2018-04-20 04:09:51', '2018-04-20', '2018-04-21', '106.81059979999998', '-6.2614927', '000008.jpg', NULL, 'Y'),
('000009', '000004', 'Karang Taruna Tambun Raya', NULL, '   Danau Toba', 'The letter of agreement and bank account number are ready,Program development 2018: WK and AP will visit Toba at the end of March 2018\r\n', NULL, 'Program Division', NULL, '2018-04-20 04:11:19', '2018-04-20', '2018-04-21', '98.61606740000002', '2.7860786', '000009.jpg', NULL, 'Y'),
('000010', '000005', 'Social Mapping ', NULL, '   Lampung', 'Discussion with Jabung Sai on 18 - 19 January 2018 has been done: because the thing is not yet conducive, then the activity is postponed temporarily.\r\nWaiting for the next direction from Head of JF for the follow up \r\n', NULL, 'Program Division', NULL, '2018-04-20 04:12:35', '2018-04-20', '2018-04-21', '105.40680789999999', '-4.5585849', '000010.jpg', NULL, 'Y'),
('000011', '000002', 'coba a 2', 'tray a 2', '  kediri', 'coba b 2', 'tray b 2', 'coba c 2', 'tray c 2', '2019-03-28 08:29:22', '2019-03-07', '2019-03-15', '112.01782860000003', '-7.848015599999999', '000011.jpg', '1553758162-coba-a-2.html', 'Y'),
('000012', '000001', 'a', 'aa', '  kediri', 'a', 'a', 'a', 'a', '2019-04-10 08:18:58', '2019-04-11', '2019-03-06', '', '', '000012.jpg', '1554877138-a.html', 'Y'),
('000013', '000007', 'a', 'a', 'kediri', 'a', 'a', 'a', 'a', '2019-04-10 07:51:27', '2019-04-19', '2019-03-16', '', '', '000013.jpg', '1554882687-a.html', 'Y'),
('000014', '000008', 'a2', 'a2', '  kediri', 'a2', 'a2', 'a2', 'a2', '2019-04-11 09:28:53', '2019-04-17', '2019-03-29', '', '', '000014.jpg', '1554974933-a2.html', 'Y'),
('000015', '000006', 'kegiatan bencana indo', 'kegiatan inggris', '  ', 'hgfhg', 'jhfj', 'asdasd indo', 'ingg', '2019-04-12 09:04:55', '2019-04-17', '2019-04-25', '', '', 'none.jpg', '1555059895-kegiatan-bencana-indo.html', 'Y'),
('000016', '000001', 'g', 'g', '  kediri', 'g', 'g', 'gg', 'g', '2019-04-15 14:43:18', '2019-04-12', '2019-03-22', '', '', '000016.jpg', '1555339396-g.html', 'Y'),
('000017', '000001', 'h', 'h', '  kediri', 'h', 'h', 'h', 'h', '2019-04-15 14:44:05', '2019-04-25', '2019-03-22', '', '', '000017.jpg', '1555339445-h.html', 'Y'),
('000018', '000006', ' x ', ' cbvc ing', 'kediri', ' x ind', 'hg ing', 'gbfb', 'igfn ing', '2019-04-15 14:45:54', '2019-04-10', '2019-04-17', '', '', '000018.jpg', '1555339554--x-.html', 'Y'),
('000019', '000006', 'jskdfh`=', 'hjh', '  uihdjhsj', 'jhj', 'hjh', 'hjh', 'hj', '2019-04-15 14:49:05', '2019-04-17', '2019-03-22', '', '', '000019.jpg', '1555339745-jskdfh`=.html', 'Y'),
('000020', NULL, 'uy', 'yu', '  bash', 'uy', 'yu', 'yu', 'u', '2019-04-15 14:49:43', '2019-04-11', '1908-10-18', '', '', 'none.jpg', '1555339783-uy.html', 'Y'),
('000021', NULL, 'kjhskaj', 'hjh', '  kediri', 'jhj', 'hjhjhjh', 'hjh', 'hjhjh', '2019-04-15 14:50:14', '2019-05-01', '1908-10-17', '', '', 'none.jpg', '1555339814-kjhskaj.html', 'Y'),
('000022', '000006', 'kjhskaj', 'hjh', '  kediri', 'jhj', 'hjhjhjh', 'hjh', 'hjhjh', '2019-04-15 14:50:34', '2019-05-01', '1908-10-17', '', '', '000022.jpg', '1555339834-kjhskaj.html', 'Y'),
('000023', NULL, 'coba a', '3ejrpojeor', '  lwkjr;ewk', 'werejropj`3', 'l3ern;kewnklrn', 'ijeqpijrp3iejr``', 'klmjek;rj;ejr;o', '2019-04-15 15:06:23', '2019-04-25', '2019-04-19', '', '', 'none.jpg', '1555340783-coba-a.html', 'Y'),
('000024', NULL, 'ooooooooo', 'oooooooooooooo', '  oooooooooo', 'ooooooooooo', 'ooooooooooooooooo', 'oooooooooooooo', 'ooooooooooooo', '2019-04-15 15:06:55', '2019-04-13', '2019-03-07', '', '', 'none.jpg', '1555340815-ooooooooo.html', 'Y'),
('000025', '000006', 'yu', 'yu', '  kediri', 'yu', 'yu', 'yu', 'yu', '2019-04-15 15:39:09', '2019-04-27', '2019-03-22', '', '', 'none.jpg', '1555342749-yu.html', 'Y');

-- --------------------------------------------------------

--
-- Table structure for table `tbbencanaprog`
--

CREATE TABLE IF NOT EXISTS `tbbencanaprog` (
  `id_bencanaprog` int(11) NOT NULL AUTO_INCREMENT,
  `id_detbencana` varchar(40) DEFAULT NULL,
  `progress` varchar(20) DEFAULT NULL,
  `bulan` date DEFAULT NULL,
  `excel` varchar(200) DEFAULT NULL,
  PRIMARY KEY (`id_bencanaprog`)
) ENGINE=InnoDB  DEFAULT CHARSET=latin1 AUTO_INCREMENT=37 ;

--
-- Dumping data for table `tbbencanaprog`
--

INSERT INTO `tbbencanaprog` (`id_bencanaprog`, `id_detbencana`, `progress`, `bulan`, `excel`) VALUES
(2, '000001', '0', '2017-06-12', 'test.xlsx'),
(4, '000002', '0', '2017-05-22', 'test.xlsx'),
(5, '000001', '0', '2018-04-20', 'test.xlsx'),
(6, '000002', '0', '2018-04-20', 'test.xlsx'),
(7, '000003', '0', '2018-04-20', 'test.xlsx'),
(8, '000004', '0', '2018-04-20', 'test.xlsx'),
(9, '000005', '0', '2018-04-20', 'test.xlsx'),
(10, '000006', '0', '2018-04-20', 'test.xlsx'),
(11, '000007', '0', '2018-04-20', 'test.xlsx'),
(12, '000008', '0', '2018-04-20', 'test.xlsx'),
(13, '000009', '0', '2018-04-20', 'test.xlsx'),
(14, '000010', '0', '2018-04-20', 'test.xlsx'),
(15, '000011', '0', '2019-03-07', 'test.xlsx'),
(21, '000012', '10', '2019-04-13', 'test.xlsx'),
(23, '000012', '30', '2019-04-13', 'test.xlsx'),
(24, '000013', '0', '2019-04-19', 'test.xlsx'),
(25, '000013', '50', '2019-04-13', 'test.xlsx'),
(26, '000015', '0', '2019-04-17', NULL),
(27, '000016', '0', '2019-04-12', NULL),
(28, '000017', '0', '2019-04-25', NULL),
(29, '000018', '0', '2019-04-10', NULL),
(30, '000019', '0', '2019-04-17', NULL),
(31, '000020', '0', '2019-04-11', NULL),
(32, '000021', '0', '2019-05-01', NULL),
(33, '000022', '0', '2019-05-01', NULL),
(34, '000023', '0', '2019-04-25', NULL),
(35, '000024', '0', '2019-04-13', NULL),
(36, '000025', '0', '2019-04-27', NULL);

-- --------------------------------------------------------

--
-- Table structure for table `tbdisas`
--

CREATE TABLE IF NOT EXISTS `tbdisas` (
  `id_disas` varchar(40) NOT NULL,
  `nama_disas` varchar(120) DEFAULT NULL,
  `nama_disas_ing` varchar(120) DEFAULT NULL,
  `gambar` varchar(120) DEFAULT NULL,
  `slug` text,
  `status` varchar(2) DEFAULT NULL,
  PRIMARY KEY (`id_disas`)
) ENGINE=InnoDB DEFAULT CHARSET=latin1;

--
-- Dumping data for table `tbdisas`
--

INSERT INTO `tbdisas` (`id_disas`, `nama_disas`, `nama_disas_ing`, `gambar`, `slug`, `status`) VALUES
('000001', 'Lamongan2', 'Lamongan2', '000001.jpg', '1554557928-Lamongan2.html', 'Y'),
('000002', 'Padang', NULL, '000002.jpg', NULL, 'Y'),
('000003', 'South Jakarta', NULL, '000003.jpg', NULL, 'Y'),
('000004', 'Medan', NULL, '000004.jpg', NULL, 'Y'),
('000005', 'Lampung', NULL, '000005.jpg', NULL, 'Y'),
('000006', 'coba 2', 'tray 2', '000006.jpg', '1553746519-coba-2.html', 'Y');

-- --------------------------------------------------------

--
-- Table structure for table `tbdisasdet`
--

CREATE TABLE IF NOT EXISTS `tbdisasdet` (
  `id_detdisas` varchar(40) NOT NULL,
  `id_disas` varchar(40) DEFAULT NULL,
  `nama_disasdet` varchar(120) DEFAULT NULL,
  `nama_disasdet_ing` varchar(120) DEFAULT NULL,
  `alamat` text,
  `tujuan` text,
  `tujuan_ing` text,
  `pelaksana` varchar(120) DEFAULT NULL,
  `pelaksana_ing` varchar(120) DEFAULT NULL,
  `tgl_reg` datetime NOT NULL,
  `tgl_mulai` date DEFAULT NULL,
  `tgl_akhir` date DEFAULT NULL,
  `long` varchar(40) DEFAULT NULL,
  `lat` varchar(40) DEFAULT NULL,
  `gambar` varchar(120) DEFAULT NULL,
  `slug` text,
  `status` varchar(2) DEFAULT NULL,
  PRIMARY KEY (`id_detdisas`)
) ENGINE=InnoDB DEFAULT CHARSET=latin1;

--
-- Dumping data for table `tbdisasdet`
--

INSERT INTO `tbdisasdet` (`id_detdisas`, `id_disas`, `nama_disasdet`, `nama_disasdet_ing`, `alamat`, `tujuan`, `tujuan_ing`, `pelaksana`, `pelaksana_ing`, `tgl_reg`, `tgl_mulai`, `tgl_akhir`, `long`, `lat`, `gambar`, `slug`, `status`) VALUES
('000001', '000001', 'English Speaking Club', NULL, 'lamongan', 'Batch 1: done,Batch 2: Waiting for the next direction from Head of JF.\r\n', NULL, 'Program Division', NULL, '2018-04-20 04:01:56', '2018-04-20', '2018-04-21', '112.33377689999998', '-7.126926099999999', '000001.jpg', NULL, 'Y'),
('000002', '000001', 'PHBS 2', NULL, '   lamongan', 'There is already POKJA work plan 2018 in 3 villages; have been discussed to learn more about the proposals with IF and mbak Dhani on 15-17 March 2018', NULL, 'Program Division', NULL, '2018-04-20 04:03:00', '2018-04-20', '2018-04-21', '112.33377689999998', '-7.126926099999999', '000002.jpg', NULL, 'Y'),
('000003', '000001', 'Training of PHBS book illustration', NULL, '   lamongan', 'The training has been done; follow up by COSI Coord', NULL, 'Program Division', NULL, '2018-04-20 04:04:12', '2018-04-20', '2018-04-21', '112.33377689999998', '-7.126926099999999', '000003.jpg', NULL, 'Y'),
('000004', '000001', 'PAUD Teachers Training', NULL, 'lamongan', 'Has been done and now is waiting for RTL to communicate with AS about the TOR', NULL, 'Program Division', NULL, '2018-04-20 04:05:16', '2018-04-20', '2018-04-21', '112.33377689999998', '-7.126926099999999', '000004.jpg', NULL, 'Y'),
('000005', '000001', 'Journalistic Training', NULL, '   lamongan', 'Concept follow up and proposal from Videonesia', NULL, 'Program Division', NULL, '2018-04-20 04:06:26', '2018-04-20', '2018-04-21', '112.33377689999998', '-7.126926099999999', '000005.jpg', NULL, 'Y'),
('000006', '000001', 'Pesantren Maulana Ishak (Mineral Water)', NULL, '   lamongan', 'Proposal has been sent on 23rd Nov 2017 (Rp. 256, 850,000), waiting for the approval', NULL, 'Program Division', NULL, '2018-04-20 04:07:29', '2018-04-20', '2018-04-21', '112.33377689999998', '-7.126926099999999', '000006.jpg', NULL, 'Y'),
('000007', '000002', 'AKSN', NULL, '   padang', 'The process of legal document work in a notary: Erikson Hendri will be communicating with the management of AKSN,The preparation of seminar and launching of AKSN: waiting for the TOR from AKSN,Waiting for the proposal and program budget (workplan) 2018\r\n', NULL, 'Program Division', NULL, '2018-04-20 04:08:48', '2018-04-20', '2018-04-21', '100.41718100000003', '-0.9470831999999999', '000007.jpg', NULL, 'Y'),
('000008', '000003', 'Program Development', NULL, '   south jakarta', 'The preparation of capacity building program and work program 2018 has been done, the budget is still needed (not yet included) ', NULL, 'Program Division', NULL, '2018-04-20 04:09:51', '2018-04-20', '2018-04-21', '106.81059979999998', '-6.2614927', '000008.jpg', NULL, 'Y'),
('000009', '000004', 'Karang Taruna Tambun Raya', NULL, '   Danau Toba', 'The letter of agreement and bank account number are ready,Program development 2018: WK and AP will visit Toba at the end of March 2018\r\n', NULL, 'Program Division', NULL, '2018-04-20 04:11:19', '2018-04-20', '2018-04-21', '98.61606740000002', '2.7860786', '000009.jpg', NULL, 'Y'),
('000010', '000005', 'Social Mapping ', NULL, '   Lampung', 'Discussion with Jabung Sai on 18 - 19 January 2018 has been done: because the thing is not yet conducive, then the activity is postponed temporarily.\r\nWaiting for the next direction from Head of JF for the follow up \r\n', NULL, 'Program Division', NULL, '2018-04-20 04:12:35', '2018-04-20', '2018-04-21', '105.40680789999999', '-4.5585849', '000010.jpg', NULL, 'Y'),
('000011', '000002', 'coba a 2', 'tray a 2', '  kediri', 'coba b 2', 'tray b 2', 'coba c 2', 'tray c 2', '2019-03-28 08:29:22', '2019-03-07', '2019-03-15', '112.01782860000003', '-7.848015599999999', '000011.jpg', '1553758162-coba-a-2.html', 'Y');

-- --------------------------------------------------------

--
-- Table structure for table `tbdisasprog`
--

CREATE TABLE IF NOT EXISTS `tbdisasprog` (
  `id_disasprog` int(11) NOT NULL AUTO_INCREMENT,
  `id_detdisas` varchar(40) DEFAULT NULL,
  `progress` varchar(20) DEFAULT NULL,
  `bulan` date DEFAULT NULL,
  `excel` varchar(200) DEFAULT NULL,
  PRIMARY KEY (`id_disasprog`)
) ENGINE=InnoDB  DEFAULT CHARSET=latin1 AUTO_INCREMENT=16 ;

--
-- Dumping data for table `tbdisasprog`
--

INSERT INTO `tbdisasprog` (`id_disasprog`, `id_detdisas`, `progress`, `bulan`, `excel`) VALUES
(2, '000001', '0', '2017-06-12', 'test.xlsx'),
(4, '000002', '0', '2017-05-22', 'test.xlsx'),
(5, '000001', '0', '2018-04-20', 'test.xlsx'),
(6, '000002', '0', '2018-04-20', 'test.xlsx'),
(7, '000003', '0', '2018-04-20', 'test.xlsx'),
(8, '000004', '0', '2018-04-20', 'test.xlsx'),
(9, '000005', '0', '2018-04-20', 'test.xlsx'),
(10, '000006', '0', '2018-04-20', 'test.xlsx'),
(11, '000007', '0', '2018-04-20', 'test.xlsx'),
(12, '000008', '0', '2018-04-20', 'test.xlsx'),
(13, '000009', '0', '2018-04-20', 'test.xlsx'),
(14, '000010', '0', '2018-04-20', 'test.xlsx'),
(15, '000011', '0', '2019-03-07', 'test.xlsx');

-- --------------------------------------------------------

--
-- Table structure for table `tbedu`
--

CREATE TABLE IF NOT EXISTS `tbedu` (
  `id_edu` varchar(40) NOT NULL,
  `nama_edu` varchar(120) DEFAULT NULL,
  `nama_edu_ing` varchar(120) DEFAULT NULL,
  `gambar` varchar(120) DEFAULT NULL,
  `slug` text,
  `status` varchar(2) DEFAULT NULL,
  PRIMARY KEY (`id_edu`)
) ENGINE=InnoDB DEFAULT CHARSET=latin1;

--
-- Dumping data for table `tbedu`
--

INSERT INTO `tbedu` (`id_edu`, `nama_edu`, `nama_edu_ing`, `gambar`, `slug`, `status`) VALUES
('000025', 'School Development Programs', NULL, '000025.jpg', NULL, 'Y'),
('000026', 'coba2', 'testy', '000026.jpg', NULL, 'Y'),
('000027', 'coba 4', 'try 4', '000027.jpg', '1553743207-coba-4.html', 'N'),
('000028', 'coba', 'testy', '000028.jpg', '1554176937-coba.html', 'Y');

-- --------------------------------------------------------

--
-- Table structure for table `tbedudet`
--

CREATE TABLE IF NOT EXISTS `tbedudet` (
  `id_detedu` varchar(40) DEFAULT NULL,
  `id_edu` varchar(40) DEFAULT NULL,
  `nama_edudet` varchar(120) DEFAULT NULL,
  `nama_edudet_ing` varchar(120) DEFAULT NULL,
  `alamat` text,
  `tujuan` text,
  `tujuan_ing` text,
  `pelaksana` varchar(120) DEFAULT NULL,
  `pelaksana_ing` varchar(120) DEFAULT NULL,
  `tgl_reg` datetime NOT NULL,
  `tgl_mulai` date DEFAULT NULL,
  `tgl_akhir` date DEFAULT NULL,
  `long` varchar(40) DEFAULT NULL,
  `lat` varchar(40) DEFAULT NULL,
  `gambar` varchar(120) DEFAULT NULL,
  `slug` text,
  `status` varchar(2) DEFAULT NULL
) ENGINE=InnoDB DEFAULT CHARSET=latin1;

--
-- Dumping data for table `tbedudet`
--

INSERT INTO `tbedudet` (`id_detedu`, `id_edu`, `nama_edudet`, `nama_edudet_ing`, `alamat`, `tujuan`, `tujuan_ing`, `pelaksana`, `pelaksana_ing`, `tgl_reg`, `tgl_mulai`, `tgl_akhir`, `long`, `lat`, `gambar`, `slug`, `status`) VALUES
('000004', '000025', 'SMK SPP Negeri Pelaihari', 'a', 'Gagas Komplek Perkantoran, Angsau, Pelaihari, Kabupaten Tanah Laut, Kalimantan Selatan 70815', 'SMK SPP Negeri Pelaihari\r\nA.SMK SPP Pelaihari has not placed students for prakerin in JAPFA Group business unit due to location consideration, operational availability and time.\r\nB.The MOU has been sent to the Consultant, awaiting signature and invoice phase I. It is planned to start in early February 2018.\r\nC. Program Pelatihan Kewirausahaan Ternak Unggas Terpadu yang diikuti oleh 20 orang alumni SMK SPP Negeri Pelaihari selama 3 bulan di PT Ciomas Adisatwa', 'a', 'Program Division', 'a', '2018-05-02 03:14:25', '2017-01-01', '2017-12-31', '114.78340579999997', '-3.8016189', '000004.jpg', NULL, 'Y'),
('000005', '000025', 'Project-based Learning', NULL, 'Wisma Millenia, Jalan Letjen Mt. Haryono No.Kav 16, Tebet Barat, Tebet, RT.11/RW.5, Tebet Bar., Tebet, Kota Jakarta Selatan, Daerah Khusus Ibukota Jakarta 12810', '1. Project-Based Learning\r\nA. PILAR : \r\n        a.The Report Activity of SD under Japfa Periode Oktober 2017-Januari 2018\r\n        b.The Mentoring Activity of PBL dan Learning stage 1 is on running\r\n\r\nB. The cost of training meal in each school needs to be prepared in advance by the program\r\n', NULL, 'Program Division', NULL, '2018-05-02 03:14:34', '2017-01-01', '2017-12-31', '106.85155220000001', '-6.2425481', '000005.jpg', NULL, 'Y'),
('000006', '000025', 'Talempong Program  SDN 06 Batang Anai', NULL, 'Buluh River, Batang Anai, Padang Pariaman Regency, West Sumatra 25586', 'Follow up on progress report and payment of talempong already handled by Mrs. Arin', NULL, 'Program Division', NULL, '2018-04-20 03:16:42', '2018-04-20', '2018-04-21', '100.3385624', '-0.7504052', '000006.jpg', NULL, 'Y'),
('000007', '000025', 'Program Literasi Ulat Buku  SDN 06 Pasir Jambak', NULL, ' Jalan Pasir Jambak, Pasie Nan Tigo, Koto Tangah, Kota Padang, Sumatera Barat 25586', 'Follow up progress report and activity evaluation, Share the bookworm implementation guide to Mr. Erikson Hendri,Share panduan pelaksanaan ulat buku dimintakan ke Pak Erikson Hendri.\r\n', NULL, 'Program Division', NULL, '2018-05-02 03:14:56', '2018-04-20', '2018-04-21', '100.31324589999997', '-0.8356479', '000007.jpg', NULL, 'Y'),
('000008', '000025', 'Nutrition Corner and UKS Competition of SDN 06 Batang Anai', NULL, '   Buluh River, Batang Anai, Padang Pariaman Regency, West Sumatra 25586', 'The fund has been transferred and now the activity is on process,progress checked through Mrs. Arin', NULL, 'Program Division', NULL, '2018-04-20 03:36:27', '2018-04-20', '2018-04-21', '100.3385624', '-0.7504052', '000008.jpg', NULL, 'Y'),
('000009', '000025', 'SDN Segoroyoso', NULL, '   Segoroyoso, Pleret, Bantul Regency, Special Region of Yogyakarta 55791', 'Football coaching management: RFPs have been advertised, no proposal has been submitted until today. Gamelan proposal: The fund has been transferred by CBU and soon the  activity will be processing.\r\n', NULL, 'Program Division', NULL, '2018-04-20 03:38:21', '2018-04-20', '2018-04-21', '110.4113132', '-7.8890151', '000009.jpg', NULL, 'Y'),
('000010', '000025', 'SDN 54 Peurada', NULL, '   Jl. Teuku Nyak Arief, Peurada, Syiah Kuala, Kota Banda Aceh, Aceh 24415', 'English course: fund phase 1 is being processed by CBU,Nutrition corner: under coordinated by the school, FC, and IF for the activity development of Nutrition Corner.\r\n', NULL, 'Program Division', NULL, '2018-05-02 03:15:10', '2018-04-20', '2018-04-21', '95.34638519999999', '5.5744696', '000010.jpg', NULL, 'Y'),
('000011', '000025', 'Elementary School Emergency Response Plan', NULL, '   ', 'Project-based Learning - PILAR already has the materials', NULL, 'Program Division', NULL, '2018-04-20 03:41:53', '2018-04-20', '2018-04-21', '', '', '000011.jpg', NULL, 'Y'),
('000013', '000024', 'Kemendikbud SMK Scholarship', NULL, ' Wisma Millenia, Jalan Letjen Mt. Haryono No.Kav 16, Tebet Barat, Tebet, RT.11/RW.5, Tebet Bar., Tebet, Kota Jakarta Selatan, Daerah Khusus Ibukota Jakarta 12810', 'Follow up the proposal of social activities to each JFSC / school:\r\nSMK Stabat dan Purbalingga are on revising the proposal of Social 1 activity\r\nSMK Subang, Cangkringan dan Plosoklaten has not yet given any proposal suggestion\r\nSMKN Kalibagor has done Social 1 activity (currently checking the reimbursement social fund phase 1 in CBU), is waiting for the next proposal\r\nPelaksanaan Pendaftaran Program Beasiswa Prestasi JAPFA Foundation tingkat SMK bidang agribisnis dan agroteknologi tahun 2018', NULL, 'Program Division', NULL, '2018-05-02 03:16:17', '2018-04-20', '2018-04-21', '106.85155220000001', '-6.2425481', '000013.jpg', NULL, 'Y'),
('000014', '000025', 'Grand Design of Agriculture Education', NULL, '   Wisma Millenia, Jalan Letjen Mt. Haryono No.Kav 16, Tebet Barat, Tebet, RT.11/RW.5, Tebet Bar., Tebet, Kota Jakarta Selatan, Daerah Khusus Ibukota Jakarta 12810', 'A. The development of recommendations have been made::\r\na. SMK SPP Pelaihari: proposal and logframe are waiting for an answer from AP\r\nb. SMK Farming Pati: approved, waiting for facilitator recruitment\r\nc. SMK S Hasanuddin: approved, waiting for facilitator recruitment\r\nd. SMK N 1 Tambolaka: scheduled for 1st week of April 2018\r\nB. School Mapping Using Grand Design :\r\ne. Done: SMKN 1 Tambolaka\r\nf. Planning : SMKN 1 Negara, SMKN 1 Negerikaton, SMKN 1 Sidrap\r\nC. Persiapan Program Pendampingan Program Pendidikan Agrikultur di 6 SMK dampingan JAPFA Foundation', NULL, 'Program Division', NULL, '2018-05-02 03:17:06', '2018-04-20', '2018-04-21', '106.85155220000001', '-6.2425481', '000014.jpg', NULL, 'Y'),
('000015', '000024', 'D3 FKH Unsyiah', NULL, '   Jalan Teuku Nyak Arief, Darussalam, Kopelma Darussalam, Syiah Kuala, Kota Banda Aceh, Aceh 23111', 'A. Prakerin Monitoring by FC, location at PT Indojaya Agrinusa: 5 students, PT Santori Lampung: 4 students, self selection: 1 student\r\nB. Follow up the proposal of social activity stage 2 \r\nC. TOR for D3 and S1 have been place to FKH UNSYIAH. JF is awaiting for the internal selection results of FKH candidates, JF, and Agus Seveldu for registration and online selection development system.\r\nD.  Progress report:  \r\na. English Course is running already.\r\nb. The career counselling of STIFIN phase 1 is running already and now is in the payment process phase\r\nc. Academic counselling is in and now is in the payment process phase \r\n', NULL, 'Program Division', NULL, '2018-04-20 05:15:31', '2018-04-20', '2018-04-21', '95.36697449999997', '5.573024999999999', '000015.jpg', NULL, 'Y'),
('000017', '000024', 'SMKN 1 Tambolaka', NULL, '   Lintas Waitabula, Waimangura, Wewewa Barat, Wee Renna, Kota Tambolaka, Kabupaten Sumba Barat Daya, Nusa Tenggara Tim.', 'The mapping has been done, now is planning a program on year 1', NULL, 'Program Division', NULL, '2018-04-20 05:19:16', '2018-04-20', '2018-04-21', '119.217939', '-9.465487', '000017.jpg', NULL, 'Y'),
('000018', '000024', 'SMK Hasanuddin', NULL, '   Jl. Gondomono No.15, Panggung Kidul, Semarang Utara, Kota Semarang, Jawa Tengah 50178', 'MoU has been done on 21 Maret 2018, follow-up on finding a program facilitator and program contract facilitator.', NULL, 'Program Division', NULL, '2018-04-20 05:20:49', '2018-04-20', '2018-04-21', '110.40347180000003', '-6.968493199999999', '000018.jpg', NULL, 'Y'),
('000019', '000024', 'SMK Farming Pati', NULL, '   Sambirejo, Tlogowungu, Pati Regency, Central Java 59161', 'Proposal and program development have been submitted to the Head of JF on 19 February 2010 and approved, follow-up on finging a program facilitator and program contract facilitator.', NULL, 'Program Division', NULL, '2018-05-02 03:18:31', '2018-04-20', '2018-04-21', '111.03113770000004', '-6.7078261', '000019.jpg', NULL, 'Y'),
('000020', '000024', 'SMKN 1 Plosoklaten', NULL, 'Jl. Pare-Wates KM.7, Sumberagung, Plosoklaten, Kediri, Jawa Timur 64175   ', 'A. PRAKERIN implementation for 5 students of ruminants and 5 students of poultry is already running, will be monitored by Ibu Galuh\r\nB. Is checkking on the social acitivity proposal kegiatan sosial\r\n', NULL, 'Program Division', NULL, '2018-04-20 05:23:37', '2018-04-20', '2018-04-21', '112.17476609999994', '-7.835982', '000020.jpg', NULL, 'Y'),
('000021', '000024', 'SMKN 2 Subang', NULL, '   Jl. Wera Km.5, Dangdeur, Kec. Subang, Sukasari, Dawuan, Kabupaten Subang, Jawa Barat 41212', 'A. 4 students are now implementing PRAKERIN in PT Ciomas Adisatwa RPA Purwakarta\r\nB. Is checkking on the social acitivity proposal kegiatan sosial, etc\r\n', NULL, 'Program Division', NULL, '2018-04-20 05:25:10', '2018-04-20', '2018-04-21', '107.73570480000001', '-6.5477123', '000021.jpg', NULL, 'Y'),
('000022', '000024', 'KEMIN Industry', NULL, '   Wisma Millenia, Jalan Letjen Mt. Haryono No.Kav 16, Tebet Barat, Tebet, RT.11/RW.5, Tebet Bar., Tebet, Kota Jakarta Selatan, Daerah Khusus Ibukota Jakarta 12810', 'A. FKH UNSYIAH is holding a public lecture on 19-21 April 2018 at VIP room AAC Building Dayan Dawood Unsyiah.\r\nB. The second public lecture planning will be on 19-21 Juli 2018.\r\nC. UNHAS dan IPB are on planning\r\n', NULL, 'Program Division', NULL, '2018-04-20 05:26:53', '2018-04-20', '2018-04-21', '106.85155220000001', '-6.2425481', '000022.jpg', NULL, 'Y'),
('000023', '000024', 'BPI JAPFA Foundation 2017', NULL, 'Wisma Millenia, Jalan Letjen Mt. Haryono No.Kav 16, Tebet Barat, Tebet, RT.11/RW.5, Tebet Bar., Tebet, Kota Jakarta Selatan, Daerah Khusus Ibukota Jakarta 12810', 'A. Graduated : 283 students\r\nB. The program team is in the process of sending the receipt sheets to each of the scholarship recipient, as a condition of disbursement of BPI 2017 funds.\r\n', NULL, 'Program Division', NULL, '2018-04-20 05:28:37', '2018-04-20', '2018-04-21', '106.85155220000001', '-6.2425481', '000023.jpg', NULL, 'Y'),
('000024', '000024', 'coba a 2', 'tray a 2', 'kediri   ', 'coba b 2', 'tray b 2', 'coba c 2', 'tray c 2', '2019-03-28 06:37:51', '0000-00-00', '0000-00-00', '112.01782860000003', '-7.848015599999999', '000024.jpg', NULL, 'Y'),
('1231', '000026', 'qwe2', 'asdw', NULL, NULL, NULL, NULL, NULL, '0000-00-00 00:00:00', NULL, NULL, NULL, NULL, NULL, NULL, NULL);

-- --------------------------------------------------------

--
-- Table structure for table `tbeduprog`
--

CREATE TABLE IF NOT EXISTS `tbeduprog` (
  `id_eduprog` int(11) NOT NULL AUTO_INCREMENT,
  `id_detedu` varchar(40) DEFAULT NULL,
  `progress` varchar(20) DEFAULT NULL,
  `bulan` date DEFAULT NULL,
  `excel` varchar(120) DEFAULT NULL,
  PRIMARY KEY (`id_eduprog`)
) ENGINE=InnoDB  DEFAULT CHARSET=latin1 AUTO_INCREMENT=59 ;

--
-- Dumping data for table `tbeduprog`
--

INSERT INTO `tbeduprog` (`id_eduprog`, `id_detedu`, `progress`, `bulan`, `excel`) VALUES
(2, '000002', '60', '2017-12-02', 'test.xlsx'),
(5, '000004', '0', '2017-03-01', 'test.xlsx'),
(6, '000002', '40', '2017-12-30', 'test.xlsx'),
(7, '000002', '10', '2017-12-12', 'test.xlsx'),
(8, '000002', '60', '2017-08-20', 'test.xlsx'),
(10, '000002', '80', '2018-08-10', 'test.xlsx'),
(11, '000004', '0', '2017-06-12', 'test.xlsx'),
(12, '000005', '0', '2017-06-12', 'test.xlsx'),
(13, '000006', '0', '2017-06-12', 'test.xlsx'),
(14, '000007', '0', '2017-06-07', 'test.xlsx'),
(15, '000008', '0', '2017-06-05', 'test.xlsx'),
(19, '000009', '10', '2018-01-02', 'test.xlsx'),
(20, '000009', '90', '2018-01-25', 'test.xlsx'),
(24, '000001', '50', '2027-01-07', 'test.xlsx'),
(25, '000002', '0', '2018-04-24', 'test.xlsx'),
(26, '000002', '20', '2018-04-04', 'test.xlsx'),
(28, '000003', '50', '2017-12-31', 'test.xlsx'),
(29, '000004', '0', '2017-01-01', 'test.xlsx'),
(30, '000005', '0', '2017-01-01', 'test.xlsx'),
(31, '000006', '0', '2018-04-20', 'test.xlsx'),
(32, '000007', '0', '2018-04-20', 'test.xlsx'),
(33, '000008', '0', '2018-04-20', 'test.xlsx'),
(34, '000009', '0', '2018-04-20', 'test.xlsx'),
(35, '000010', '0', '2018-04-20', 'test.xlsx'),
(36, '000011', '0', '2018-04-20', 'test.xlsx'),
(37, '000012', '0', '2018-04-20', 'test.xlsx'),
(39, '000014', '0', '2018-04-20', 'test.xlsx'),
(40, '000015', '0', '2018-04-20', 'test.xlsx'),
(41, '000016', '0', '2018-04-20', 'test.xlsx'),
(42, '000017', '0', '2018-04-20', 'test.xlsx'),
(43, '000018', '0', '2018-04-20', 'test.xlsx'),
(44, '000019', '50', '2018-04-20', 'test.xlsx'),
(45, '000020', '0', '2018-04-20', 'test.xlsx'),
(46, '000021', '0', '2018-04-20', 'test.xlsx'),
(47, '000022', '0', '2018-04-20', 'test.xlsx'),
(48, '000023', '0', '2018-04-20', 'test.xlsx'),
(49, '000024', '0', '0000-00-00', 'test.xlsx'),
(50, '000004', '30', '2019-04-09', 'test.xlsx'),
(51, '000004', '30', '2019-04-10', 'test.xlsx'),
(52, '000004', '60', '2019-04-12', 'test.xlsx'),
(53, '000004', '10', '2019-04-02', 'test.xlsx'),
(54, '000004', '10', '2019-04-12', 'test.xlsx'),
(55, '000004', '60', '2019-04-12', 'test.xlsx'),
(56, '000013', '50', '2018-10-13', 'test.xlsx'),
(57, '000013', '60', '2019-04-12', 'test.xlsx'),
(58, '000013', '50', '2019-04-02', 'test.xlsx');

-- --------------------------------------------------------

--
-- Table structure for table `tbfile`
--

CREATE TABLE IF NOT EXISTS `tbfile` (
  `id` int(11) NOT NULL AUTO_INCREMENT,
  `id_table` varchar(120) DEFAULT NULL,
  `file` varchar(120) DEFAULT NULL,
  `descrip` text,
  `descrip_ing` text,
  `tb_galeri` varchar(20) DEFAULT NULL,
  `tanggal` date DEFAULT NULL,
  `slug` text,
  `status` varchar(2) DEFAULT NULL,
  PRIMARY KEY (`id`)
) ENGINE=InnoDB  DEFAULT CHARSET=latin1 AUTO_INCREMENT=14 ;

--
-- Dumping data for table `tbfile`
--

INSERT INTO `tbfile` (`id`, `id_table`, `file`, `descrip`, `descrip_ing`, `tb_galeri`, `tanggal`, `slug`, `status`) VALUES
(1, '000001', '0000011506264137.pdf', 'testy', NULL, 'nutrition', '2017-09-24', NULL, 'Y'),
(2, '000013', '0000021506295172.pdf', 'coba file', NULL, 'education', '2017-09-24', NULL, 'Y'),
(3, '000013', '0000021506295504.pdf', 'coba file 2', NULL, 'education', '2017-09-24', NULL, 'Y'),
(4, '000009', '0000091516860528.pdf', 'Penerima BPI', NULL, 'education', '2018-01-25', NULL, 'Y'),
(6, '000001', '0000011523497626.pdf', 'Tabel Penerima BPI', NULL, 'education', '2018-04-12', NULL, 'Y'),
(7, '000019', '0000191538460398.pdf', 'report', NULL, 'education', '2018-10-02', NULL, 'Y'),
(8, '000003', '0000031548519869.pdf', 'testing', NULL, 'nutrition', '2019-01-26', NULL, 'Y'),
(9, '000004', '0000041553821914.pdf', 'coba 2', 'tray 2', 'education', '2019-03-29', '1553824496-coba-2.html', 'Y'),
(10, '000008', '0000081553825179.pdf', 'coba 2', 'tray 2', 'nutrition', '2019-03-29', '1553825190-coba-2.html', 'N'),
(11, '000001', '0000011553829973.pdf', 'coba  a 2', 'rety a 2', 'cosi', '2019-03-29', '1553830037-coba--a-2.html', 'N'),
(12, '000002', '0000021553830588.pdf', 'coba 2', 'tray 2', 'sport', '2019-03-29', '1553830588-coba-2.html', 'N'),
(13, '000002', '0000021554975839.pdf', 'v2', 'v2', 'bencana', '2019-04-11', '1554975839-v2.html', 'Y');

-- --------------------------------------------------------

--
-- Table structure for table `tbgaleri`
--

CREATE TABLE IF NOT EXISTS `tbgaleri` (
  `id` int(11) NOT NULL AUTO_INCREMENT,
  `id_table` varchar(120) DEFAULT NULL,
  `gambar` varchar(120) DEFAULT NULL,
  `descrip` text,
  `descrip_ing` text,
  `tb_galeri` varchar(20) DEFAULT NULL,
  `tanggal` date DEFAULT NULL,
  `slug` text,
  `status` varchar(2) DEFAULT NULL,
  PRIMARY KEY (`id`)
) ENGINE=InnoDB  DEFAULT CHARSET=latin1 AUTO_INCREMENT=16 ;

--
-- Dumping data for table `tbgaleri`
--

INSERT INTO `tbgaleri` (`id`, `id_table`, `gambar`, `descrip`, `descrip_ing`, `tb_galeri`, `tanggal`, `slug`, `status`) VALUES
(1, '000002', 'file_000004.jpg', 'edukas1', NULL, 'education', '2017-09-12', NULL, 'Y'),
(2, '000002', 'file_000006.png', 'a', NULL, 'education', '2017-09-24', NULL, 'Y'),
(3, '000003', 'file_1506247255.png', 'oke', NULL, 'education', '2017-09-24', NULL, 'Y'),
(4, '000003', '0000031506247325.png', 'coba', NULL, 'education', '2017-09-24', NULL, 'Y'),
(5, '000009', '0000091516860342.jpg', 'beasiswa', NULL, 'education', '2018-01-25', NULL, 'Y'),
(6, '000001', '0000011516861019.jpg', 'BPI', NULL, 'education', '2018-04-12', NULL, 'Y'),
(7, '000005', '0000051524196409.jpg', 'Projectbase learning', NULL, 'education', '2018-04-20', NULL, 'Y'),
(8, '000013', '0000131538460164.jpg', 'ujian', NULL, 'education', '2018-10-02', NULL, 'Y'),
(9, '000013', '0000191538460228.jpg', 'tes', NULL, 'education', '2018-10-02', NULL, 'Y'),
(10, '000013', '0000131553760391.jpg', 'tray a 2', 'tray a 2', 'education', '2019-03-28', '1553760391-coba-a-2.html', 'Y'),
(11, '000004', '0000041553760745.jpg', 'a2', 'a2', 'education', '2019-03-28', '1553760758-a2.html', 'N'),
(12, '000002', '0000021553761429.jpg', 'nutrisi coba 2', 'nutrisi coba ing 2', 'nutrition', '2019-03-28', '1553761442-nutrisi-coba-2.html', 'N'),
(13, '000001', '0000011553761978.jpg', 'coba 2', 'tray 2', 'sport', '2019-03-28', '1553761989-coba-2.html', 'N'),
(14, '000001', '0000011553820703.jpg', 'coba a 2', 'tray a 2', 'cosi', '2019-03-29', '1553820714-coba-a-2.html', 'N'),
(15, '000002', '0000021554975790.jpg', 'a2', 'a2', 'bencana', '2019-04-11', '1554975790-a2.html', 'Y');

-- --------------------------------------------------------

--
-- Table structure for table `tbmailbox`
--

CREATE TABLE IF NOT EXISTS `tbmailbox` (
  `id_mailbox` int(11) NOT NULL AUTO_INCREMENT,
  `judul_mailbox` varchar(25) NOT NULL,
  `pengirim_mailbox` varchar(30) NOT NULL,
  `penerima_mailbox` varchar(30) NOT NULL,
  `isi_mailbox` text NOT NULL,
  `tanggal_mailbox` datetime NOT NULL,
  PRIMARY KEY (`id_mailbox`)
) ENGINE=MyISAM  DEFAULT CHARSET=latin1 AUTO_INCREMENT=31 ;

--
-- Dumping data for table `tbmailbox`
--

INSERT INTO `tbmailbox` (`id_mailbox`, `judul_mailbox`, `pengirim_mailbox`, `penerima_mailbox`, `isi_mailbox`, `tanggal_mailbox`) VALUES
(1, 'cobaa', 'didintri196@gmail.com', 'arfanprayogo@gmail.com', '-', '2018-03-18 13:34:12'),
(2, 'cobaa', 'arfanprayogo@gmail.com', 'didintri196@gmail.com', 'Coba cui', '2018-03-18 13:40:40'),
(3, '[REPLIED : cobaa ]', 'didintri196@gmail.com', 'arfanprayogo@gmail.com', 'aw', '2018-03-30 10:12:02'),
(4, 'Hello', 'arfanprayogo@yahoo.co.id', 'caffanap@gmail.com', 'Njajajajalllolll', '2018-11-16 04:23:38'),
(5, 'testing Lagi', 'arfanprayogo@yahoo.co.id', 'caffanap@gmail.com', 'Ininasdasi ia diasn dias idbas idbisa bdiabs diasb diabsidbasidb asibdasi bdisa bdiasb diasb dsai bdasibd aisbd iasbd iasbidsabidbaisdbais bdaisd basidbaisd baisdbaisbd iasbd isabdi sadb ais bdaisbdiasb disab dias bdisa dbasib disa', '2018-11-16 06:09:26'),
(6, 'testing Lagi', 'caffanap@gmail.com', 'arfanprayogo@yahoo.co.id', 'test again', '2018-11-16 14:14:49'),
(7, 'testing Lagi', 'arfanprayogo@yahoo.co.id', 'caffanap@gmail.com', 'Ininasdasi ia diasn dias idbas idbisa bdiabs diasb diabsidbasidb asibdasi bdisa bdiasb diasb dsai bdasibd aisbd iasbd iasbidsabidbaisdbais bdaisd basidbaisd baisdbaisbd iasbd isabdi sadb ais bdaisbdiasb disab dias bdisa dbasib disa', '2018-11-16 14:47:20'),
(8, 'testing Lagi', 'caffanap@gmail.com', 'arfanprayogo@yahoo.co.id', 'Tes Balas Pesan', '2018-11-16 14:52:07'),
(9, 'Hello', 'caffanap@gmail.com', 'arfanprayogo@yahoo.co.id', 'Tayooo', '2018-11-16 14:54:29'),
(10, 'Coba email yahh ', 'arfanprayogo@yahoo.co.id', 'caffanap@gmail.com', 'Hello hello nice to meet you', '2018-11-16 14:59:00'),
(11, 'Coba email yahh ', 'caffanap@gmail.com', 'arfanprayogo@yahoo.co.id', 'Hayy jugaa iyaah :v', '2018-11-16 14:59:36'),
(12, 'heyyy caffanap', 'arfanprayogo@yahoo.co.id', 'caffanap@gmail.com', 'iyaaaa', '2018-11-16 16:15:14'),
(13, 'testing Lagi', 'caffanap@gmail.com', 'arfanprayogo@yahoo.co.id', 'hello', '2018-11-17 06:09:41'),
(14, 'heyyy caffanap', 'caffanap@gmail.com', 'arfanprayogo@yahoo.co.id', 'test lagi lagi dan lagiiyaa test lagi', '2018-11-17 06:10:14'),
(15, 'testing Lagi', 'caffanap@gmail.com', 'arfanprayogo@yahoo.co.id', 'asd asd asd asdasd', '2018-11-17 06:12:36'),
(16, 'heyyy caffanap', 'caffanap@gmail.com', 'arfanprayogo@yahoo.co.id', 'tess', '2018-11-20 09:45:20'),
(17, 'heyyy caffanap', 'caffanap@gmail.com', 'arfanprayogo@yahoo.co.id', 'woy', '2018-11-20 10:03:15'),
(18, 'testo', 'arfanprayogo@yahoo.co.id', 'caffanap@gmail.com', 'Heihooo', '2018-11-20 12:53:05'),
(19, 'Testing doble', 'caffanap@gmail.com', 'caffanap@gmail.com', 'Hanya mencoba saja', '2018-11-20 13:17:30'),
(20, 'Testing doble', 'caffanap@gmail.com', 'tes@japfafoundation.org', 'Hanya mencoba saja', '2018-11-20 13:17:30'),
(21, 'Mas', 'caffanap@gmail.com', 'arfanprayogo@yahoo.co.id', 'testingggggg', '2018-11-20 13:22:18'),
(22, 'Testing againnn', 'caffanap@gmail.com', 'tes@japfafoundation.org', 'testtttt', '2018-11-20 13:25:07'),
(23, 'Hello', 'caffanap@gmail.com', 'arfanprayogo@yahoo.co.id', 'nice to meet you', '2018-11-20 13:27:03'),
(24, 'asdasd', 'caffanap@gmail.com', 'tes@japfafoundation.org', 'aasdasdasdasdasdasdasdasdadasdsad', '2018-11-20 13:28:17'),
(25, 'asdasd', 'caffanap@gmail.com', 'arfanprayogo@yahoo.co.id', 'aasdasdasdasdasdasdasdasdadasdsad', '2018-11-20 13:28:17'),
(26, 'Mas', 'caffanap@gmail.com', 'arfanprayogo@yahoo.co.id', 'Mencoba', '2018-11-21 15:32:27'),
(27, 'testing', 'caffanap@gmail.com', 'mici.annisa@japfafoundation.or', 'Testing email', '2019-01-21 21:13:12'),
(28, 'heyyy caffanap', 'caffanap@gmail.com', 'arfanprayogo@yahoo.co.id', 'Hey', '2019-01-25 07:33:10'),
(29, 'gdhg', 'undefined', 'support@japfafoundation.org', 'jhgjh', '2019-04-01 16:23:36'),
(30, 'asd', 'caffanap@gmail.com', 'support@japfafoundation.org', 'qqqqqqqq', '2019-04-01 16:26:03');

-- --------------------------------------------------------

--
-- Table structure for table `tbnews`
--

CREATE TABLE IF NOT EXISTS `tbnews` (
  `id_news` varchar(40) NOT NULL,
  `judul` text,
  `judul_ing` text,
  `deskripsi` text,
  `deskripsi_ing` text,
  `waktu` datetime DEFAULT NULL,
  `file` varchar(120) DEFAULT NULL,
  `status` varchar(2) DEFAULT NULL,
  `slug` text,
  `img` varchar(120) NOT NULL,
  PRIMARY KEY (`id_news`)
) ENGINE=InnoDB DEFAULT CHARSET=latin1;

--
-- Dumping data for table `tbnews`
--

INSERT INTO `tbnews` (`id_news`, `judul`, `judul_ing`, `deskripsi`, `deskripsi_ing`, `waktu`, `file`, `status`, `slug`, `img`) VALUES
('000001', 'Newsletter ', NULL, 'Bln Januari', NULL, '2018-11-27 16:37:15', '1538461360.pdf', 'Y', NULL, '0000011543336635.png'),
('000003', 'coba', 'testy', 'coba', 'testy', '2019-04-02 03:49:53', '0000031554176993.pdf', 'Y', '1554176993-coba.html', '0000031554176993.jpg'),
('000004', 'coba2', 'testy2', 'coba2', 'testy2', '2019-04-02 03:54:42', '0000041554177282.pdf', 'Y', '1554177282-coba2.html', '0000041554177282.jpg'),
('000005', 'coba affan', 'coba affan', 'coba affan', 'coba affan', '2019-04-02 12:38:36', '0000051554208716.pdf', 'Y', '1554208716-coba-affan.html', '0000051554208716.jpg');

-- --------------------------------------------------------

--
-- Table structure for table `tbnut`
--

CREATE TABLE IF NOT EXISTS `tbnut` (
  `id_nut` varchar(40) NOT NULL,
  `nama_nut` varchar(120) DEFAULT NULL,
  `nama_nut_ing` varchar(120) DEFAULT NULL,
  `gambar` varchar(120) DEFAULT NULL,
  `slug` text,
  `status` varchar(2) DEFAULT NULL,
  PRIMARY KEY (`id_nut`)
) ENGINE=InnoDB DEFAULT CHARSET=latin1;

--
-- Dumping data for table `tbnut`
--

INSERT INTO `tbnut` (`id_nut`, `nama_nut`, `nama_nut_ing`, `gambar`, `slug`, `status`) VALUES
('000001', 'Nutrition Improvement Program', NULL, '000001.jpg', NULL, 'Y'),
('000002', 'PKGK FKM UI - JAPFA Foundation', NULL, '000002.jpg', NULL, 'Y'),
('000003', 'INZI Creative Project 2017', NULL, '000003.jpg', NULL, 'Y'),
('000004', 'Nutrition Ambassador Japfa Foundation', NULL, '000004.jpg', NULL, 'Y'),
('000005', 'Filantropi Indonesia', NULL, '000005.jpg', NULL, 'Y'),
('000006', 'Konsorsium Indonesia Bergizi', NULL, '000006.jpg', NULL, 'Y'),
('000007', 'coba2', 'tray2', '000007.jpg', '1553745161-coba2.html', 'Y'),
('000008', 'jawa Timur', 'jawa timur', '000008.jpg', '1554209347-jawa-Timur.html', 'Y'),
('000009', 'uiyui', 'yiyiyi', 'none.jpg', '1555343763-uiyui.html', 'Y');

-- --------------------------------------------------------

--
-- Table structure for table `tbnutdet`
--

CREATE TABLE IF NOT EXISTS `tbnutdet` (
  `id_detnut` varchar(40) NOT NULL,
  `id_nut` varchar(40) DEFAULT NULL,
  `nama_nutdet` varchar(120) DEFAULT NULL,
  `nama_nutdet_ing` varchar(120) DEFAULT NULL,
  `alamat` text,
  `tujuan` text,
  `tujuan_ing` text,
  `pelaksana` varchar(120) DEFAULT NULL,
  `pelaksana_ing` varchar(120) DEFAULT NULL,
  `tgl_reg` datetime NOT NULL,
  `tgl_mulai` date DEFAULT NULL,
  `tgl_akhir` date DEFAULT NULL,
  `long` varchar(40) DEFAULT NULL,
  `lat` varchar(40) DEFAULT NULL,
  `gambar` varchar(120) DEFAULT NULL,
  `slug` text,
  `status` varchar(2) DEFAULT NULL,
  PRIMARY KEY (`id_detnut`)
) ENGINE=InnoDB DEFAULT CHARSET=latin1;

--
-- Dumping data for table `tbnutdet`
--

INSERT INTO `tbnutdet` (`id_detnut`, `id_nut`, `nama_nutdet`, `nama_nutdet_ing`, `alamat`, `tujuan`, `tujuan_ing`, `pelaksana`, `pelaksana_ing`, `tgl_reg`, `tgl_mulai`, `tgl_akhir`, `long`, `lat`, `gambar`, `slug`, `status`) VALUES
('000002', '000001', 'NutriTEEN', NULL, '   Wisma Millenia, Jalan Letjen Mt. Haryono No.Kav 16, Tebet Barat, Tebet, RT.11/RW.5, Tebet Bar., Tebet, Kota Jakarta Selatan, Daerah Khusus Ibukota Jakarta 12810', 'NutriTEEN :\r\nA. Presentation of the final report has been made and is revising the final report based on the input in the final presentation\r\nB. There will be an addendum for the next 3 months; Discussion and preparation of exit strategy plan\r\n', NULL, 'Program and NutriTEEN', NULL, '2018-05-02 03:18:42', '2016-12-15', '2017-12-09', '106.85155220000001', '-6.2425481', '000002.jpg', NULL, 'Y'),
('000003', '000002', 'PKGK FKM UI - Japfa Foundation', NULL, '   Wisma Millenia, Jalan Letjen Mt. Haryono No.Kav 16, Tebet Barat, Tebet, RT.11/RW.5, Tebet Bar., Tebet, Kota Jakarta Selatan, Daerah Khusus Ibukota Jakarta 12810', '1. PKGK UI\r\nA. PKGK FKM UI has sent the concept note of Nutrition Literacy in Sumba.\r\nB. JF and PKGK will meet on 22 Maret 2018 for the discussion.', NULL, 'AP/Program', NULL, '2018-05-02 03:18:54', '2018-02-05', '2018-12-31', '106.85155220000001', '-6.2425481', '000003.jpg', NULL, 'Y'),
('000004', '000003', 'Inzi Creative Project 2017', NULL, '   Wisma Millenia, Jalan Letjen Mt. Haryono No.Kav 16, Tebet Barat, Tebet, RT.11/RW.5, Tebet Bar., Tebet, Kota Jakarta Selatan, Daerah Khusus Ibukota Jakarta 12810', 'Indonesia Bergizi Creative Project 2017:\r\nA. Tim Fish Flour --&gt; has sent the proposal, is now being reviewed\r\nB. Tim Pocari --&gt; is doing the assesment on project location\r\nC. Persiapan Kegiatan Capacity Building Pemenang INZI Creative Project 2017 tanggal 11 Mei 2018', NULL, 'Program', NULL, '2018-05-02 03:19:24', '2017-10-01', '2017-12-09', '106.85155220000001', '-6.2425481', '000004.jpg', NULL, 'Y'),
('000005', '000004', 'Nutrition Ambassador Japfa Foundation', NULL, '   Wisma Millenia, Jalan Letjen Mt. Haryono No.Kav 16, Tebet Barat, Tebet, RT.11/RW.5, Tebet Bar., Tebet, Kota Jakarta Selatan, Daerah Khusus Ibukota Jakarta 12810', 'A. Talkshow\r\nB. PKGK FKM UI has sent the course plan of NDP\r\n', NULL, 'Program and Commev', NULL, '2018-04-20 05:35:58', '2018-04-13', '2018-12-31', '106.85155220000001', '-6.2425481', '000005.jpg', NULL, 'Y'),
('000006', '000005', 'Filantropi Indonesia', NULL, ' Wisma Millenia, Jalan Letjen Mt. Haryono No.Kav 16, Tebet Barat, Tebet, RT.11/RW.5, Tebet Bar., Tebet, Kota Jakarta Selatan, Daerah Khusus Ibukota Jakarta 12810', 'Discuss 1 has been done: Cluster concept of Food Security and Nutrition will be submitted to FI \r\nPersiapan pertemuan perdana persiapan pembentukan Cluster Ketahanan Pangan dan Gizi ', NULL, 'AP/Program/FI', NULL, '2018-05-02 03:19:52', '2018-04-20', '2018-04-21', '106.85155220000001', '-6.2425481', '000006.jpg', NULL, 'Y'),
('000007', '000006', 'Konsorsium Indonesia Bergizi', NULL, '   Wisma Millenia, Jalan Letjen Mt. Haryono No.Kav 16, Tebet Barat, Tebet, RT.11/RW.5, Tebet Bar., Tebet, Kota Jakarta Selatan, Daerah Khusus Ibukota Jakarta 12810', 'Stakeholder mapping is being done.', NULL, 'Program/ONF', NULL, '2018-05-02 03:20:00', '2018-04-20', '2018-04-21', '106.85155220000001', '-6.2425481', '000007.jpg', NULL, 'Y'),
('000009', '000008', 'coba a', 'coba a', 'kediri', 'coba a', 'coba a', 'coba a', 'coba a', '2019-04-02 12:50:36', '2019-04-17', '2019-03-13', '', '', '000009.jpg', '1554209436-coba-a.html', 'Y'),
('000010', NULL, 'u', 'u', '   kediri', 'u', 'u', 'u', 'u', '2019-04-15 15:56:23', '2019-04-13', '2019-03-29', '', '', 'none.jpg', '1555343783-u.html', 'Y'),
('000011', '000009', 'jkjkkjk', 'jkjkjkjk', '   kediri', 'jkjkjkjk', 'jkjkjkjkj', 'jkjkjkjkj', 'jkjkjkj', '2019-04-15 15:58:27', '2019-04-19', '2019-03-15', '', '', 'none.jpg', '1555343907-jkjkkjk.html', 'Y');

-- --------------------------------------------------------

--
-- Table structure for table `tbnutprog`
--

CREATE TABLE IF NOT EXISTS `tbnutprog` (
  `id_nutprog` int(40) NOT NULL AUTO_INCREMENT,
  `id_detnut` varchar(40) DEFAULT NULL,
  `progress` varchar(20) DEFAULT NULL,
  `bulan` date DEFAULT NULL,
  `excel` varchar(200) DEFAULT NULL,
  PRIMARY KEY (`id_nutprog`)
) ENGINE=InnoDB  DEFAULT CHARSET=latin1 AUTO_INCREMENT=42 ;

--
-- Dumping data for table `tbnutprog`
--

INSERT INTO `tbnutprog` (`id_nutprog`, `id_detnut`, `progress`, `bulan`, `excel`) VALUES
(26, '000003', '9', '2019-05-29', 'test.xlsx'),
(31, '000006', '10', '2018-10-10', 'test.xlsx'),
(32, '000002', '30', '2019-04-25', 'test.xlsx'),
(33, '000009', '0', '2019-04-17', 'test.xlsx'),
(34, '000009', '10', '2019-04-12', 'test.xlsx'),
(35, '', '10', '2019-04-10', 'test.xlsx'),
(36, '000008', '50', '2019-04-20', 'test.xlsx'),
(37, '', '30', '2019-04-11', 'test.xlsx'),
(38, '000002', '50', '2018-10-20', 'test.xlsx'),
(39, '000002', '50', '2019-04-13', 'test.xlsx'),
(40, '000010', '0', '2019-04-13', NULL),
(41, '000011', '0', '2019-04-19', NULL);

-- --------------------------------------------------------

--
-- Table structure for table `tbprofil`
--

CREATE TABLE IF NOT EXISTS `tbprofil` (
  `about` text,
  `about_ing` text,
  `visi` text,
  `visi_ing` text,
  `mission` text,
  `mission_ing` text
) ENGINE=InnoDB DEFAULT CHARSET=latin1;

--
-- Dumping data for table `tbprofil`
--

INSERT INTO `tbprofil` (`about`, `about_ing`, `visi`, `visi_ing`, `mission`, `mission_ing`) VALUES
('Established in July 2015, JAPFA Foundation serves as the Corporate Foundation of PT Japfa Comfeed Indonesia, Tbk. and its related entities, embracing a vision to To Maximize Youth Potential through Development of Education, Nutrition and Sports.\r\nTranslating and implementing Company Motto of Growing Towards Mutual Prosperity, JAPFA Foundation functions to ensure the social-economic growth of its surrounding communities. To achieve the goal, the company focuses its attention to youth, one fundamental aspect of society with the greatest potential to grow.\r\n[Indonesia]', 'Established in July 2015, JAPFA Foundation serves as the Corporate Foundation of PT Japfa Comfeed Indonesia, Tbk. and its related entities, embracing a vision to To Maximize Youth Potential through Development of Education, Nutrition and Sports.\r\nTranslating and implementing Company Motto of Growing Towards Mutual Prosperity, JAPFA Foundation functions to ensure the social-economic growth of its surrounding communities. To achieve the goal, the company focuses its attention to youth, one fundamental aspect of society with the greatest potential to grow.  [English]', 'To Maximize Youth Potential Through Development of Education, Nutrition and Sports [Indonesia]', 'To Maximize Youth Potential Through Development of Education, Nutrition and Sports [English]', 'To empower communities, especially their youth by providing access and quality-improvement programs in the fields of general Education, Nutrition and Sports as well as specific agriculture-related fields  [Indonesia]', 'To empower communities, especially their youth by providing access and quality-improvement programs in the fields of general Education, Nutrition and Sports as well as specific agriculture-related fields [English]');

-- --------------------------------------------------------

--
-- Table structure for table `tbsport`
--

CREATE TABLE IF NOT EXISTS `tbsport` (
  `id_sport` varchar(40) NOT NULL,
  `nama_sport` varchar(120) DEFAULT NULL,
  `nama_sport_ing` varchar(120) DEFAULT NULL,
  `gambar` varchar(120) DEFAULT NULL,
  `slug` text,
  `status` varchar(2) DEFAULT NULL,
  PRIMARY KEY (`id_sport`)
) ENGINE=InnoDB DEFAULT CHARSET=latin1;

--
-- Dumping data for table `tbsport`
--

INSERT INTO `tbsport` (`id_sport`, `nama_sport`, `nama_sport_ing`, `gambar`, `slug`, `status`) VALUES
('000001', 'Olahraga', NULL, 'none.jpg', NULL, 'Y'),
('000002', 'coba 2', 'tray 2', '0000021.jpg', '1553745853-coba-2.html', 'Y');

-- --------------------------------------------------------

--
-- Table structure for table `tbsportdet`
--

CREATE TABLE IF NOT EXISTS `tbsportdet` (
  `id_detsport` varchar(40) NOT NULL,
  `id_sport` varchar(40) DEFAULT NULL,
  `nama_sportdet` varchar(120) DEFAULT NULL,
  `nama_sportdet_ing` varchar(120) DEFAULT NULL,
  `alamat` text,
  `tujuan` text,
  `tujuan_ing` text,
  `pelaksana` varchar(120) DEFAULT NULL,
  `pelaksana_ing` varchar(120) DEFAULT NULL,
  `tgl_reg` datetime NOT NULL,
  `tgl_mulai` date DEFAULT NULL,
  `tgl_akhir` date DEFAULT NULL,
  `long` varchar(40) DEFAULT NULL,
  `lat` varchar(40) DEFAULT NULL,
  `gambar` varchar(120) DEFAULT NULL,
  `slug` text,
  `status` varchar(2) DEFAULT NULL,
  PRIMARY KEY (`id_detsport`)
) ENGINE=InnoDB DEFAULT CHARSET=latin1;

--
-- Dumping data for table `tbsportdet`
--

INSERT INTO `tbsportdet` (`id_detsport`, `id_sport`, `nama_sportdet`, `nama_sportdet_ing`, `alamat`, `tujuan`, `tujuan_ing`, `pelaksana`, `pelaksana_ing`, `tgl_reg`, `tgl_mulai`, `tgl_akhir`, `long`, `lat`, `gambar`, `slug`, `status`) VALUES
('000001', '000001', 'bermain bersama kawan', NULL, '  jakarta pusat indonesia', 'suapaya sehat', NULL, 'arfan', NULL, '2018-04-15 12:18:23', '2018-04-24', '2018-04-11', '106.83409110000002', '-6.1864864', '0000011.jpg', NULL, 'Y'),
('000002', '000001', 'coba a 2', 'tray a 2', '   kediri', 'coba b 2', 'tray b 2', 'coba c 2', 'tray c 2', '2019-03-28 08:18:23', '2019-03-20', '2019-03-13', '112.01782860000003', '-7.848015599999999', '000002.jpg', '1553757503-coba-a-2.html', 'Y');

-- --------------------------------------------------------

--
-- Table structure for table `tbsportprog`
--

CREATE TABLE IF NOT EXISTS `tbsportprog` (
  `id_sportprog` int(11) NOT NULL AUTO_INCREMENT,
  `id_detsport` varchar(40) DEFAULT NULL,
  `progress` varchar(20) DEFAULT NULL,
  `bulan` date DEFAULT NULL,
  `excel` varchar(200) DEFAULT NULL,
  PRIMARY KEY (`id_sportprog`)
) ENGINE=InnoDB  DEFAULT CHARSET=latin1 AUTO_INCREMENT=12 ;

--
-- Dumping data for table `tbsportprog`
--

INSERT INTO `tbsportprog` (`id_sportprog`, `id_detsport`, `progress`, `bulan`, `excel`) VALUES
(5, '000005', '10', '2017-06-12', 'test.xlsx'),
(6, '000001', '0', '2018-04-24', 'test.xlsx'),
(7, '000001', '50', '2018-10-10', 'test.xlsx'),
(8, '000002', '0', '2019-03-20', 'test.xlsx'),
(9, '000001', '40', '2019-04-24', 'test.xlsx'),
(10, '000001', '50', '2019-04-12', 'test.xlsx'),
(11, '000001', '50', '2019-04-13', 'test.xlsx');

-- --------------------------------------------------------

--
-- Table structure for table `tb_video`
--

CREATE TABLE IF NOT EXISTS `tb_video` (
  `id` varchar(90) NOT NULL,
  `title` text NOT NULL,
  `link` text NOT NULL,
  `img` varchar(90) NOT NULL,
  `st` varchar(2) NOT NULL
) ENGINE=MyISAM DEFAULT CHARSET=latin1;

--
-- Dumping data for table `tb_video`
--

INSERT INTO `tb_video` (`id`, `title`, `link`, `img`, `st`) VALUES
('000001', 'COBA 1', 'https://youtu.be/m5jL2_It5gE', '000001.png', '');

/*!40101 SET CHARACTER_SET_CLIENT=@OLD_CHARACTER_SET_CLIENT */;
/*!40101 SET CHARACTER_SET_RESULTS=@OLD_CHARACTER_SET_RESULTS */;
/*!40101 SET COLLATION_CONNECTION=@OLD_COLLATION_CONNECTION */;
